Date,Open,High,Low,Close,simple_swing,zigzag,b_band_x_bar,b_band_top,b_band_bottom,b_band_stdc,b_band_risk_zone,Change,gain,loss,avg-gain,avg-loss,rs,rsi,rsi_diff,lc,inv_harami_patt,double_patt,td_buy_setup,td_sell_setup,tdst,td_buy_perfected,td_buy_countdown,td_buy_recycle
2021-09-14,18.5,18.7,18.4,18.5,0.0,,,,,0.0,,0.1000000000000014,0.1000000000000014,0.0,,,,,,1,False,False,0.0,0.0,,False,,
2021-09-15,18.6,18.9,18.5,18.8,0.0,,,,,0.0,,0.3000000000000007,0.3000000000000007,0.0,,,,,,2,False,False,0.0,0.0,,False,,
2021-09-16,18.9,19.0,18.7,18.9,0.0,,,,,0.0,,0.0999999999999978,0.0999999999999978,0.0,,,,,,3,False,False,0.0,0.0,,False,,
2021-09-17,19.0,19.0,18.5,18.9,0.0,19.0,,,,0.0,,0.0,0.0,0.0,,,,,,3,False,False,0.0,0.0,,False,,
2021-09-20,18.7,18.8,18.3,18.4,4.777,,,,,0.0,,-0.5,0.0,0.5,,,,,,-1,False,False,0.0,0.0,,False,,
2021-09-21,18.4,18.6,18.2,18.5,4.931,18.2,,,,0.0,,0.1000000000000014,0.1000000000000014,0.0,,,,,,1,False,False,0.0,0.0,,False,,
2021-09-22,18.6,19.2,18.5,19.2,5.365,,,,,0.0,,0.6999999999999993,0.6999999999999993,0.0,,,,,,2,False,False,0.0,0.0,,False,,
2021-09-23,19.3,19.3,18.7,18.9,5.497,19.3,,,,0.0,,-0.3000000000000007,0.0,0.3000000000000007,,,,,,-1,False,False,0.0,0.0,,False,,
2021-09-27,18.9,19.0,18.5,18.6,5.807,,,,,0.0,,-0.2999999999999971,0.0,0.2999999999999971,0.13,0.1099999999999997,1.1818181818181843,54.16666666666672,-1.107,-2,False,False,0.0,0.0,,False,,
2021-09-28,18.6,18.7,18.5,18.7,5.354,,,,,0.0,,0.0999999999999978,0.0999999999999978,0.0,0.1399999999999998,0.1099999999999997,1.2727272727272738,56.00000000000003,-1.569,1,False,False,0.0,0.0,,False,,
2021-09-29,18.6,18.7,18.5,18.5,4.888,,,,,0.0,,-0.1999999999999993,0.0,0.1999999999999993,0.1259999999999998,0.1189999999999997,1.0588235294117658,51.42857142857146,-2.042,-1,False,False,0.0,0.0,,False,,
2021-09-30,18.6,18.6,18.3,18.4,4.729,,,,,0.0,,-0.1000000000000014,0.0,0.1000000000000014,0.1133999999999998,0.1170999999999999,0.9684030742954736,49.19739696312363,-1.4,-2,False,False,0.0,0.0,,False,,
2021-10-01,18.4,18.5,18.2,18.4,4.145,,,,,0.0,,0.0,0.0,0.0,0.1020599999999998,0.1053899999999999,0.9684030742954736,49.19739696312363,0.039,-2,False,False,0.0,0.0,,False,,
2021-10-04,18.4,18.6,18.4,18.4,3.721,,,,,0.0,,0.0,0.0,0.0,0.0918539999999999,0.0948509999999999,0.9684030742954732,49.19739696312363,1.429,-2,False,False,0.0,0.0,,False,,
2021-10-05,18.4,18.6,18.3,18.5,3.429,,,,,0.0,,0.1000000000000014,0.1000000000000014,0.0,0.0926686,0.0853658999999999,1.0855458678465302,52.050922714417744,-0.035,1,False,False,0.0,0.0,,False,,
2021-10-06,18.5,18.6,18.3,18.4,3.59,,,,,0.0,,-0.1000000000000014,0.0,0.1000000000000014,0.08340174,0.0868293100000001,0.9605251959275036,48.99325945531087,2.036,-1,False,False,0.0,0.0,,False,,
2021-10-07,18.5,18.5,18.2,18.3,3.755,,,,,0.0,,-0.0999999999999978,0.0,0.0999999999999978,0.075061566,0.0881463789999998,0.8515558648189071,45.991367638383096,3.167,-2,False,False,0.0,0.0,,False,,
2021-10-08,18.3,18.7,18.3,18.5,3.909,,,,,0.0,,0.1999999999999993,0.1999999999999993,0.0,0.0875554093999999,0.0793317410999999,1.1036617649628278,52.46384106726063,1.106,1,False,False,0.0,0.0,,False,,
2021-10-11,18.6,18.7,18.5,18.5,3.743,,,,,0.0,,0.0,0.0,0.0,0.0787998684599999,0.0713985669899999,1.1036617649628275,52.46384106726062,2.136,1,False,False,0.0,0.0,,False,,
2021-10-12,18.6,18.7,18.3,18.4,3.895,,,,,0.0,,-0.1000000000000014,0.0,0.1000000000000014,0.0709198816139999,0.074258710291,0.9550378849307224,48.85009606678617,2.298,-1,False,False,0.0,0.0,,False,,
2021-10-14,18.5,18.5,18.3,18.3,3.741,,,,,0.0,,-0.0999999999999978,0.0,0.0999999999999978,0.0638278934525999,0.0768328392618998,0.8307371439838379,45.377193919607926,2.886,-2,False,False,0.0,0.0,,False,,
2021-10-15,18.4,18.7,18.3,18.6,3.894,18.3,,,,0.0,,0.3000000000000007,0.3000000000000007,0.0,0.08744510410734,0.0691495553357098,1.264579413169156,55.84168988798877,1.475,1,False,False,0.0,0.0,,False,,
2021-10-18,18.7,19.0,18.7,18.9,3.872,,,,,0.0,,0.2999999999999971,0.2999999999999971,0.0,0.1087005936966057,0.0622345998021388,1.7466263789306145,63.591698977662006,-2.379,2,False,False,0.0,0.0,,False,,
2021-10-19,19.0,19.3,18.8,19.0,3.991,,,,,0.0,,0.1000000000000014,0.1000000000000014,0.0,0.1078305343269453,0.056011139821925,1.9251622921756035,65.81386261285883,-1.907,3,False,False,0.0,0.0,,False,,
2021-10-20,19.1,19.1,18.9,19.0,4.13,,,,,0.0,,0.0,0.0,0.0,0.0970474808942508,0.0504100258397325,1.9251622921756035,65.81386261285883,-1.365,3,False,False,0.0,0.0,,False,,
2021-10-21,19.0,19.5,19.0,19.3,4.236,,,,,0.0,,0.3000000000000007,0.3000000000000007,0.0,0.1173427328048258,0.0453690232557592,2.586406415305184,72.11693589068864,-4.063,4,False,False,0.0,0.0,,False,,
2021-10-25,19.4,19.4,19.1,19.3,4.5,,,,,0.0,,0.0,0.0,0.0,0.1056084595243432,0.0408321209301833,2.586406415305184,72.11693589068864,-3.821,4,False,False,0.0,0.0,,False,,
2021-10-26,19.4,19.4,19.1,19.2,4.456,19.4,,,,0.0,,-0.1000000000000014,0.0,0.1000000000000014,0.0950476135719089,0.0467489088371651,2.033151488155089,67.03099057514437,-4.343,-1,False,False,0.0,0.0,,False,,
2021-10-27,19.1,19.1,18.8,18.8,4.452,,,,,0.0,,-0.3999999999999986,0.0,0.3999999999999986,0.085542852214718,0.0820740179534484,1.0422647062708323,51.03475093461336,-1.37,-2,False,False,0.0,0.0,,False,,
2021-10-28,18.9,19.2,18.9,19.0,4.306,,,,,0.0,,0.1999999999999993,0.1999999999999993,0.0,0.0969885669932461,0.0738666161581036,1.3130230141536798,56.766534795336064,-2.783,1,False,False,0.0,0.0,,False,,
2021-10-29,19.0,19.2,19.0,19.0,4.15,,,,,0.0,,0.0,0.0,0.0,0.0872897102939215,0.0664799545422932,1.3130230141536798,56.766534795336064,-3.773,1,False,False,0.0,0.0,,False,,
2021-11-01,19.1,19.1,18.7,18.8,4.022,,,,,0.0,,-0.1999999999999993,0.0,0.1999999999999993,0.0785607392645293,0.0798319590880638,0.9840763043014864,49.598712618461526,-0.982,-1,False,False,0.0,0.0,,False,,
2021-11-02,18.8,18.9,18.6,18.8,4.05,,,,,0.0,,0.0,0.0,0.0,0.0707046653380764,0.0718487631792575,0.9840763043014866,49.598712618461526,-1.879,-1,False,False,0.0,0.0,,False,,
2021-11-03,18.9,18.9,18.5,18.6,4.233,,,,,0.0,,-0.1999999999999993,0.0,0.1999999999999993,0.0636341988042688,0.0846638868613316,0.7516097023574319,42.90965626337112,1.663,-2,False,False,0.0,0.0,,False,,
2021-11-04,18.6,18.9,18.5,18.9,4.549,,,,,0.0,,0.2999999999999971,0.2999999999999971,0.0,0.0872707789238416,0.0761974981751985,1.1453234163040718,53.3869815431939,-0.459,1,False,False,0.0,0.0,,False,,
2021-11-05,18.9,19.0,18.8,18.9,4.251,,,,,0.0,,0.0,0.0,0.0,0.0785437010314574,0.0685777483576786,1.1453234163040718,53.3869815431939,-0.295,1,False,False,0.0,0.0,,False,,
2021-11-08,18.8,19.0,18.5,18.6,4.721,,,,,0.0,,-0.2999999999999971,0.0,0.2999999999999971,0.0706893309283117,0.0917199735219105,0.77070814800688,43.52541941337955,2.069,-1,False,False,0.0,0.0,,False,,
2021-11-09,18.6,18.7,18.5,18.6,4.429,,,,,0.0,,0.0,0.0,0.0,0.0636203978354805,0.0825479761697194,0.7707081480068801,43.52541941337955,1.793,-1,False,False,0.0,0.0,,False,,
2021-11-10,18.5,18.6,18.3,18.4,4.291,18.3,,,,0.0,,-0.2000000000000028,0.0,0.2000000000000028,0.0572583580519325,0.0942931785527478,0.6072375428504837,37.781443418346846,3.317,-2,False,False,0.0,0.0,,False,,
2021-11-11,18.4,19.3,18.4,19.1,5.049,,,,,0.0,,0.7000000000000028,0.7000000000000028,0.0,0.1215325222467395,0.084863860697473,1.432088067263223,58.88306786829152,-0.923,1,False,False,0.0,1.0,s,False,,
2021-11-12,19.3,20.4,19.3,20.3,5.951,,,,,0.0,,1.1999999999999993,1.1999999999999993,0.0,0.2293792700220655,0.0763774746277257,3.0032319232874816,75.02018321289782,-2.754,2,False,False,0.0,2.0,,False,,
2021-11-15,20.3,20.8,20.3,20.6,6.293,,,,,0.0,,0.3000000000000007,0.3000000000000007,0.0,0.236441343019859,0.0687397271649531,3.4396607721831103,77.47575656533165,-2.307,3,False,False,0.0,3.0,,False,,
2021-11-16,20.6,20.7,20.0,20.5,6.456,,,,,0.0,,-0.1000000000000014,0.0,0.1000000000000014,0.2127972087178732,0.0718657544484579,2.9610377063597246,74.75409036388547,-1.782,-1,False,False,0.0,4.0,,False,,
2021-11-17,20.6,21.2,20.4,20.5,7.298,,,,,0.0,,0.0,0.0,0.0,0.1915174878460858,0.0646791790036121,2.9610377063597246,74.75409036388547,-0.989,-1,False,False,0.0,5.0,,False,,
2021-11-18,20.4,21.1,20.4,21.0,7.853,,,,,0.0,,0.5,0.5,0.0,0.2223657390614772,0.0582112611032509,3.819978039421975,79.25301750711041,-4.13,1,False,False,0.0,6.0,,False,,
2021-11-19,21.0,21.0,20.6,20.7,6.827,,,,,0.0,,-0.3000000000000007,0.0,0.3000000000000007,0.2001291651553295,0.0823901349929259,2.429042811648661,70.83734281173332,-1.235,-1,False,False,0.0,7.0,,False,,
2021-11-22,20.8,21.1,20.6,21.0,5.783,,,,,0.0,,0.3000000000000007,0.3000000000000007,0.0,0.2101162486397967,0.0741511214936333,2.833621992593024,73.91500774118812,-2.694,1,False,False,0.0,8.0,,False,,
2021-11-23,21.0,21.5,20.8,21.2,5.995,,,,,0.0,,0.1999999999999993,0.1999999999999993,0.0,0.2091046237758169,0.06673600934427,3.1333102747740305,75.8063166439962,-2.555,2,False,False,0.0,9.0,,False,,
2021-11-24,21.3,21.5,21.1,21.3,5.537,,19.086,20.80362056583032,17.36837943416968,31.95305235103849,,0.1000000000000014,0.1000000000000014,0.0,0.1981941613982354,0.060062408409843,3.2998037648745937,76.74312469399018,-3.083,3,False,False,0.0,0.0,,False,,
2021-11-25,21.3,21.3,20.6,20.8,5.258,21.3,19.134,20.90663092835572,17.36136907164428,32.67795047300584,35.64899071644279,-0.5,0.0,0.5,0.1783747452584118,0.1040561675688587,1.7142159799453809,63.15694817992622,-6.752,-1,False,False,0.0,0.0,,False,,
2021-11-26,20.7,20.8,20.2,20.3,5.01,,19.17,20.963070562140917,17.37692943785909,33.2655995317796,35.80459437859089,-0.5,0.0,0.5,0.1605372707325706,0.1436505508119728,1.1175541606011743,52.77570611388283,-6.038,-2,False,False,0.0,0.0,,False,,
2021-11-29,20.3,20.5,20.0,20.2,5.177,,19.198,21.011099724848275,17.384900275151725,33.71222746366596,35.88430275151725,-0.1000000000000014,0.0,0.1000000000000014,0.1444835436593136,0.1392854957307757,1.037319377019594,50.915894126383584,-6.6,-3,False,False,0.0,0.0,,False,,
2021-11-30,20.3,20.6,19.6,19.6,5.915,19.6,19.212,21.02651742052474,17.39748257947526,33.95503998169432,12.387214186941732,-0.5999999999999979,0.0,0.5999999999999979,0.1300351892933822,0.1853569461576979,0.7015393379579687,41.229686690634594,-1.695,-4,False,False,0.0,0.0,,False,,
2021-12-01,19.7,20.5,19.6,20.5,6.29,20.5,19.244,21.092180572501352,17.395819427498648,34.43666045912673,29.842694274986467,0.8999999999999986,0.8999999999999986,0.0,0.2070316703640439,0.1668212515419281,1.2410389470792902,55.37783931406977,-4.545,1,False,False,0.0,0.0,,False,,
2021-12-02,20.2,20.4,19.8,20.3,6.767,,19.282,21.137467376073605,17.426532623926395,33.08491837471353,28.14982623926396,-0.1999999999999993,0.0,0.1999999999999993,0.1863285033276395,0.1701391263877352,1.095153756126676,52.27080604104653,-4.324,-1,False,False,0.0,0.0,,False,,
2021-12-03,20.4,20.4,20.0,20.0,6.558,,19.312,21.164363079850126,17.459636920149876,33.61824392505156,28.480869201498773,-0.3000000000000007,0.0,0.3000000000000007,0.1676956529948755,0.1831252137489618,0.9157431112941228,47.80093457705402,-0.613,-2,False,False,0.0,0.0,,False,,
2021-12-07,20.3,20.5,20.0,20.4,6.442,,19.336,21.213366805514838,17.458633194485163,33.97586811315922,28.470831944851643,0.3999999999999986,0.3999999999999986,0.0,0.1909260876953878,0.1648126923740656,1.1584428659296109,53.67030483944202,-0.757,1,False,False,0.0,0.0,,False,,
2021-12-08,20.4,20.7,20.0,20.4,6.705,20.0,19.366,21.262768465639624,17.469231534360375,34.45009148648153,10.767776142877764,0.0,0.0,0.0,0.1718334789258491,0.1483314231366591,1.1584428659296109,53.67030483944202,-1.035,1,False,False,0.0,0.0,,False,,
2021-12-09,20.5,21.0,20.4,20.6,6.244,,19.406,21.32110004001496,17.49089995998504,35.1001655954409,11.201165995590488,0.2000000000000028,0.2000000000000028,0.0,0.1746501310332645,0.1334982808229932,1.3082575292848526,56.67727767317968,-0.883,2,False,False,0.0,0.0,,False,,
2021-12-13,20.7,21.0,20.7,20.9,5.379,,19.45,21.399672918670184,17.500327081329814,33.77485466351479,11.781583850216643,0.2999999999999971,0.2999999999999971,0.0,0.1871851179299377,0.1201484527406938,1.5579486348769167,60.90617354995802,-1.138,3,False,False,0.0,0.0,,False,,
2021-12-14,21.0,21.2,20.5,20.8,5.315,,19.496,21.46264429827012,17.529355701729884,34.52611328063613,12.242556263337294,-0.0999999999999978,0.0,0.0999999999999978,0.168466606136944,0.1181336074666242,1.4260684131273995,58.781046956919134,-1.943,-1,False,False,0.0,0.0,,False,,
2021-12-15,20.8,21.0,20.6,20.7,5.148,,19.542,21.511601637957504,17.57239836204249,35.3141303005307,12.600146680105778,-0.1000000000000014,0.0,0.1000000000000014,0.1516199455232496,0.116320246719962,1.303469944387848,56.58723473095924,0.865,-2,False,False,0.0,0.0,,False,,
2021-12-16,20.8,21.2,20.8,21.0,4.97,,19.594,21.577775003700296,17.6102249962997,34.179052064835226,13.080102101838246,0.3000000000000007,0.3000000000000007,0.0,0.1664579509709247,0.1046882220479658,1.5900351320768198,61.39048510905141,-0.64,1,False,False,0.0,0.0,,False,,
2021-12-17,21.0,21.1,20.8,21.0,4.404,,19.646,21.63831585070731,17.65368414929269,35.05017919610962,13.51663770318273,0.0,0.0,0.0,0.1498121558738323,0.0942193998431692,1.59003513207682,61.39048510905141,-3.303,1,False,False,0.0,0.0,,False,,
2021-12-20,20.8,20.8,20.3,20.4,4.146,,19.684,21.659507168154185,17.708492831845817,33.76337780908047,13.668918510355969,-0.6000000000000014,0.0,0.6000000000000014,0.134830940286449,0.1447974598588524,0.9311692374844236,48.21789926072878,-0.097,-1,False,False,0.0,0.0,,False,,
2021-12-21,20.5,21.3,20.5,21.3,4.788,,19.742,21.73385689183511,17.75014310816489,34.709098706376025,14.200927212974152,0.9000000000000021,0.9000000000000021,0.0,0.2113478462578044,0.1303177138729672,1.6217890874284735,61.85810655803634,-2.395,1,False,False,0.0,0.0,,False,,
2021-12-22,21.5,21.6,21.3,21.3,4.244,,19.802,21.797296510112048,17.80670348988795,33.7488904867222,14.652553855487673,0.0,0.0,0.0,0.1902130616320239,0.1172859424856704,1.6217890874284735,61.85810655803634,-1.017,1,False,False,0.0,0.0,,False,,
2021-12-23,21.4,21.4,21.1,21.2,4.094,,19.856,21.85361490436031,17.858385095639687,34.656119659130034,15.049892305548898,-0.1000000000000014,0.0,0.1000000000000014,0.1711917554688215,0.1155573482371035,1.481444132116686,59.70088598581528,-0.734,-1,False,False,0.0,0.0,,False,,
2021-12-24,21.2,21.2,20.8,20.9,4.094,,19.904,21.883882494967203,17.924117505032797,33.5566667863251,15.26333935450871,-0.3000000000000007,0.0,0.3000000000000007,0.1540725799219394,0.1340016134133932,1.1497815287240418,53.48364535471988,0.618,-2,False,False,0.0,0.0,,False,,
2021-12-27,20.9,21.3,20.8,21.1,4.343,,19.958,21.917629286057828,17.99837071394217,34.52107518903326,15.500140563113938,0.2000000000000028,0.2000000000000028,0.0,0.1586653219297457,0.1206014520720539,1.315617011269071,56.81496572475293,0.836,1,False,False,0.0,0.0,,False,,
2021-12-28,21.1,21.3,20.9,21.1,4.18,,20.014,21.939981329513003,18.088018670487,33.60336728782777,15.656269586648335,0.0,0.0,0.0,0.1427987897367711,0.1085413068648485,1.3156170112690713,56.81496572475295,1.661,1,False,False,0.0,0.0,,False,,
2021-12-29,21.1,21.7,20.9,21.7,4.14,,20.076,22.0157285734802,18.1362714265198,32.665573608649886,16.18431027133602,0.5999999999999979,0.5999999999999979,0.0,0.1885189107630938,0.0976871761783637,1.929822502176576,65.86823948354905,0.05,2,False,False,0.0,0.0,,False,,
2021-12-30,21.8,21.9,21.5,21.6,4.248,,20.13,22.08636063617512,18.17363936382488,33.515367332426905,16.672942881059498,-0.0999999999999978,0.0,0.0999999999999978,0.1696670196867844,0.0979184585605271,1.7327378533221784,63.406661975121246,1.479,-1,False,False,0.0,0.0,,False,,
2022-01-04,21.6,21.8,21.2,21.5,4.603,,20.18,22.14624577532404,18.213754224675963,32.39374285518486,17.08412980674496,-0.1000000000000014,0.0,0.1000000000000014,0.152700317718106,0.0981266127044745,1.5561560060978534,60.87875710189661,2.357,-2,False,False,0.0,0.0,,False,,
2022-01-05,21.5,21.8,21.5,21.7,4.447,,20.234,22.216210680950315,18.25178931904969,33.23704714380586,17.562373259566943,0.1999999999999993,0.1999999999999993,0.0,0.1574302859462953,0.0883139514340271,1.7826207908260112,64.06265620896359,-2.023,1,False,False,0.0,0.0,,False,,
2022-01-06,21.5,21.6,21.2,21.2,4.3,,20.272,22.253975926046685,18.29002407395332,33.86022374410468,17.81857268230072,-0.5,0.0,0.5,0.1416872573516658,0.1294825562906243,1.0942574923655963,52.25037973384845,0.696,-1,False,False,0.0,0.0,,False,,
2022-01-07,21.2,21.3,20.7,21.0,4.561,21.3,20.306,22.27821930311816,18.33378069688184,32.53620357433437,25.598463821980797,-0.1999999999999993,0.0,0.1999999999999993,0.1275185316164992,0.1365343006615618,0.9339670031532168,48.29280963069379,1.381,-2,False,False,0.0,0.0,,False,,
2022-01-10,21.0,21.0,20.4,20.6,4.496,,20.334,22.281729185382783,18.386270814617216,33.06029792775348,26.09874713411668,-0.3999999999999986,0.0,0.3999999999999986,0.1147666784548493,0.1628808705954055,0.7046050161404686,41.33538323944514,3.608,-3,False,False,0.0,0.0,,False,,
2022-01-11,20.5,20.8,20.4,20.5,4.694,,20.368,22.265125645360836,18.470874354639164,31.85646727043296,25.007554892305063,-0.1000000000000014,0.0,0.1000000000000014,0.1032900106093643,0.1565927835358651,0.6596090080083887,39.74484380510512,4.853,-4,False,False,0.0,0.0,,False,,
2022-01-12,20.6,20.9,20.6,20.9,4.361,,20.406,22.26705521965693,18.54494478034307,30.688148711036423,23.826146100883825,0.3999999999999986,0.3999999999999986,0.0,0.1329610095484278,0.1409335051822786,0.9434308000532629,48.54460472826748,2.992,1,False,False,0.0,0.0,,False,,
2022-01-13,20.9,20.9,20.6,20.7,4.401,,20.44,22.257825568067087,18.622174431932915,29.48377610370121,22.68438744993409,-0.1999999999999993,0.0,0.1999999999999993,0.119664908593585,0.1468401546640507,0.8149331418736326,44.90155163690176,2.703,-1,False,False,0.0,0.0,,False,,
2022-01-14,20.7,20.7,20.5,20.6,4.182,,20.476000000000003,22.23148586216038,18.720514137839626,28.36862254770448,21.747922458808457,-0.0999999999999978,0.0,0.0999999999999978,0.1076984177342265,0.1421561391976454,0.7576065187342281,43.10444406406913,3.42,-2,False,False,0.0,0.0,,False,,
2022-01-17,20.5,20.6,20.2,20.4,3.96,,20.508,22.19581467209732,18.82018532790267,27.20905059393169,20.830624275392957,-0.2000000000000028,0.0,0.2000000000000028,0.0969285759608038,0.1479405252778812,0.6551861011628827,39.583832941961575,2.103,-3,False,False,0.0,0.0,,False,,
2022-01-18,20.4,20.5,19.9,20.2,4.005,,20.54,22.13846865493709,18.94153134506291,26.103488404053294,20.117939649079315,-0.1999999999999993,0.0,0.1999999999999993,0.0872357183647234,0.153146472750093,0.569622772227188,36.29042482729351,2.732,-4,False,False,0.0,0.0,,False,,
2022-01-19,20.2,20.3,19.8,20.1,4.037,,20.564,22.096643441367696,19.031356558632304,24.82223246170766,19.12345313432594,-0.0999999999999978,0.0,0.0999999999999978,0.0785121465282511,0.1478318254750835,0.5310909628284612,34.68709408664723,3.119,-5,False,False,0.0,0.0,,False,,
2022-01-20,20.0,20.1,19.7,19.8,4.215,,20.582,22.05485090756615,19.10914909243385,23.438454664985045,18.02879608644243,-0.3000000000000007,0.0,0.3000000000000007,0.070660931875426,0.1630486429275752,0.4333733210328711,30.23450448488798,3.323,-6,False,False,0.0,0.0,,False,,
2022-01-21,19.9,20.3,19.8,20.2,4.523,,20.614,21.97647673636761,19.25152326363239,22.38628970123776,17.52039969770998,0.3999999999999986,0.3999999999999986,0.0,0.1035948386878833,0.1467437786348177,0.7059572790863345,41.38188498274861,0.235,1,False,False,0.0,0.0,,False,,
2022-01-24,20.1,20.2,19.8,19.9,4.821,,20.64,21.89063249304228,19.38936750695773,21.23852582008653,16.972885479152403,-0.3000000000000007,0.0,0.3000000000000007,0.0932353548190949,0.162069400771336,0.5752804315642587,36.51923937079593,1.212,-1,False,False,0.0,0.0,,False,,
2022-01-25,19.8,19.9,19.5,19.8,4.999,,20.668,21.767491533688705,19.56850846631129,18.435245613828496,15.040173385498624,-0.0999999999999978,0.0,0.0999999999999978,0.0839118193371854,0.1558624606942022,0.5383709391180351,34.99617195230489,3.095,-2,False,False,0.0,0.0,,False,,
2022-01-26,19.9,20.2,19.8,20.1,4.595,,20.688,21.704307843447616,19.671692156552385,17.149121613247196,14.203854075743616,0.3000000000000007,0.3000000000000007,0.0,0.105520637403467,0.140276214624782,0.7522347083981346,42.93001986507936,0.487,1,False,False,0.0,0.0,,False,,
2022-01-27,20.0,20.0,19.5,20.0,4.616,19.5,20.682,21.71111890191843,19.65288109808157,17.034705772143667,18.3020554627573,-0.1000000000000014,0.0,0.1000000000000014,0.0949685736631203,0.1362485931623039,0.6970242514723841,41.07332295738419,1.509,-1,False,False,0.0,0.0,,False,,
2022-01-28,20.2,20.8,20.1,20.4,4.986,,20.678,21.709970573856737,19.646029426143254,16.96719534568671,18.293880515286112,0.3999999999999986,0.3999999999999986,0.0,0.1254717162968081,0.1226237338460735,1.0232253770245618,50.57396910122584,0.657,1,False,False,0.0,0.0,,False,,
2022-01-31,20.6,20.6,20.4,20.4,4.693,,20.676,21.709764667492163,19.642235332507838,16.93287264739454,18.29241466787671,0.0,0.0,0.0,0.1129245446671273,0.1103613604614662,1.0232253770245618,50.57396910122584,2.108,1,False,False,0.0,0.0,,False,,
2022-02-01,20.5,20.9,20.5,20.8,4.654,,20.682,21.71507743155676,19.64892256844324,17.028605677970997,18.330236235252585,0.4000000000000021,0.4000000000000021,0.0,0.1416320902004148,0.0993252244153195,1.425942815977871,58.77891294824644,0.893,2,False,False,0.0,0.0,,False,,
2022-02-02,20.8,21.4,20.8,21.4,4.689,,20.69,21.73919794439881,19.64080205560119,17.12999596768144,18.501950166175163,0.5999999999999979,0.5999999999999979,0.0,0.1874688811803731,0.0893927019737876,2.0971385475667144,67.71213219422631,-1.023,3,False,False,0.0,0.0,,False,,
2022-02-03,21.3,21.5,21.1,21.2,4.616,,20.7,21.759071599591504,19.64092840040849,17.27257066502947,18.64343071749192,-0.1999999999999993,0.0,0.1999999999999993,0.1687219930623358,0.1004534317764088,1.6796040720428598,62.68105387533516,0.585,-1,False,False,0.0,0.0,,False,,
2022-02-04,21.3,21.4,21.0,21.2,4.394,,20.704,21.769189453303333,19.638810546696668,17.326259052459566,18.715459718066437,0.0,0.0,0.0,0.1518497937561022,0.0904080885987679,1.6796040720428598,62.68105387533516,1.232,-1,False,False,0.0,0.0,,False,,
2022-02-07,21.3,21.5,21.0,21.4,4.073,,20.708,21.78225531871897,19.63374468128103,17.375404553854086,18.80847561396038,0.1999999999999993,0.1999999999999993,0.0,0.1566648143804919,0.0813672797388911,1.925403121294356,65.81667693177458,1.359,1,False,False,0.0,0.0,,False,,
2022-02-08,21.4,21.5,21.2,21.2,4.031,,20.706,21.77612110701245,19.63587889298755,17.3502173740938,18.76480616082164,-0.1999999999999993,0.0,0.1999999999999993,0.1409983329424427,0.0932305517650019,1.512361884308535,60.196816937651285,4.305,-1,False,False,0.0,0.0,,False,,
2022-02-09,21.3,21.8,21.3,21.8,4.105,,20.726,21.839780105069696,19.612219894930305,17.595853591047895,19.21532930095149,0.6000000000000014,0.6000000000000014,0.0,0.1868984996481986,0.0839074965885017,2.2274350594057672,69.01564302322107,2.208,1,False,False,0.0,0.0,,False,,
2022-02-10,21.8,22.0,21.4,21.6,4.058,,20.752,21.88570622116951,19.618293778830488,17.97232439635939,19.53920027168738,-0.1999999999999993,0.0,0.1999999999999993,0.1682086496833787,0.0955167469296515,1.7610383005114811,63.78174110026831,2.276,-1,False,False,0.0,0.0,,False,,
2022-02-11,21.6,21.7,21.3,21.4,4.047,,20.776,21.91281258663992,19.63918741336008,18.34355891737813,19.72949591767985,-0.2000000000000028,0.0,0.2000000000000028,0.1513877847150408,0.1059650722366866,1.4286574011566449,58.824987026834194,0.698,-2,False,False,0.0,0.0,,False,,
2022-02-14,21.3,21.5,21.0,21.2,4.169,,20.808,21.89884501976355,19.717154980236444,17.201367824544306,19.63185507937254,-0.1999999999999993,0.0,0.1999999999999993,0.1362490062435368,0.1153685650130179,1.1809890001506285,54.14924147114287,3.03,-3,False,False,0.0,0.0,,False,,
2022-02-15,21.3,21.7,21.2,21.6,4.156,,20.83,21.93969751348224,19.72030248651776,17.513846398320553,19.91728713167344,0.4000000000000021,0.4000000000000021,0.0,0.1626241056191833,0.1038317085117161,1.566227773289825,61.032297662415566,2.392,1,False,False,0.0,0.0,,False,,
2022-02-17,21.6,21.8,21.6,21.7,4.02,,20.858,21.983649019137765,19.73235098086224,17.924380377226502,20.2242883986773,0.0999999999999978,0.0999999999999978,0.0,0.1563616950572648,0.0934485376605445,1.6732385436062658,62.59218982190138,2.049,2,False,False,0.0,0.0,,False,,
2022-02-18,21.7,21.8,21.5,21.7,3.773,,20.892,22.01456266585684,19.769437334143163,18.4580195346898,20.43924452239759,0.0,0.0,0.0,0.1407255255515383,0.08410368389449,1.673238543606266,62.59218982190138,-1.926,2,False,False,0.0,0.0,,False,,
2022-02-21,21.7,21.7,21.4,21.4,3.42,,20.912,22.034417216619275,19.789582783380723,18.768483162162703,20.576598304572144,-0.3000000000000007,0.0,0.3000000000000007,0.1266529729963845,0.1056933155050411,1.1983063677318713,54.51043518416581,-0.839,-1,False,False,0.0,0.0,,False,,
2022-02-22,21.2,21.4,20.7,21.3,3.827,,20.93,22.047760150972533,19.812239849027467,17.349461677236157,20.66890472442798,-0.0999999999999978,0.0,0.0999999999999978,0.113987675696746,0.1051239839545368,1.0843165508837884,52.02264264629181,0.888,-2,False,False,0.0,0.0,,False,,
2022-02-23,21.3,21.4,21.1,21.3,3.577,21.4,20.944,22.06242454791901,19.82557545208098,17.564609326946144,12.841256304442426,0.0,0.0,0.0,0.1025889081270714,0.0946115855590831,1.0843165508837884,52.02264264629181,-2.199,-2,False,False,0.0,0.0,,False,,
2022-02-24,21.3,21.3,20.5,20.6,4.0,20.5,20.938,22.060599025221684,19.81540097477832,17.465232767443567,12.399224056483613,-0.6999999999999993,0.0,0.6999999999999993,0.0923300173143643,0.1551504270031747,0.5950999884291328,37.30800531289528,2.197,-3,False,False,0.0,0.0,,False,,
2022-02-25,20.9,21.1,20.7,21.0,4.284,,20.942000000000004,22.0640171339956,19.81998286600441,17.527944448535127,12.422870532981577,0.3999999999999986,0.3999999999999986,0.0,0.1230970155829277,0.1396353843028572,0.8815603308395011,46.8526210077023,0.851,1,False,False,0.0,0.0,,False,,
2022-02-28,21.5,22.1,21.4,21.9,4.757,,20.966,22.11782906895152,19.814170931048476,17.849468309506143,12.793946951386868,0.8999999999999986,0.8999999999999986,0.0,0.2007873140246348,0.1256718458725715,1.5977111868654237,61.504573523946334,-1.226,2,False,False,0.0,0.0,,False,,
2022-03-01,21.9,22.1,21.7,21.8,4.859,,20.982000000000003,22.157734247357062,19.806265752642943,18.055459135676955,13.067337328643225,-0.0999999999999978,0.0,0.0999999999999978,0.1807085826221713,0.1231046612853141,1.46792640291135,59.4801531026077,-0.798,-1,False,False,0.0,0.0,,False,,
2022-03-02,21.9,21.9,21.6,21.8,4.319,,20.998,22.196291300484333,19.79970869951567,19.968888554556308,13.331491699618155,0.0,0.0,0.0,0.1626377243599542,0.1107941951567827,1.46792640291135,59.4801531026077,-0.316,-1,False,False,0.0,0.0,,False,,
2022-03-03,21.9,22.3,21.9,22.0,4.396,22.3,21.03,22.24839640344121,19.81160359655879,18.718853465205424,19.068932264260237,0.1999999999999993,0.1999999999999993,0.0,0.1663739519239587,0.0997147756411045,1.6684984833418808,62.52574223884682,-3.708,1,False,False,0.0,0.0,,False,,
2022-03-04,21.8,22.0,21.5,21.6,3.953,,21.036,22.262749479606324,19.80925052039367,18.796162406525745,19.04886993687644,-0.3999999999999986,0.0,0.3999999999999986,0.1497365567315629,0.1297432980769939,1.1540985850591243,53.57686937190236,-4.669,-1,False,False,0.0,0.0,,False,,
2022-03-07,21.4,21.4,20.5,20.8,4.591,,21.026,22.252117149911143,19.799882850088856,20.34935607581075,20.674193330813548,-0.8000000000000007,0.0,0.8000000000000007,0.1347629010584066,0.1967689682692946,0.6848788314729202,40.64855102216457,-2.191,-2,False,False,0.0,0.0,,False,,
2022-03-08,20.7,20.9,19.8,20.6,5.256,,21.014,22.244901445017856,19.783098554982143,20.1561772859627,20.52996588296156,-0.1999999999999993,0.0,0.1999999999999993,0.1212866109525659,0.197092071442365,0.615380466930824,38.09507911780244,0.559,-3,False,False,0.0,0.0,,False,,
2022-03-09,20.7,20.8,20.2,20.7,5.6,20.2,21.01,22.243710183279138,19.776289816720865,20.08958827844808,16.090629883365676,0.0999999999999978,0.0999999999999978,0.0,0.1191579498573091,0.1773828642981285,0.6717556982112972,40.18264743646726,0.674,1,False,False,0.0,0.0,,False,,
2022-03-10,20.7,21.3,20.7,21.1,6.017,,21.01,22.243710183279138,19.776289816720865,20.08958827844808,16.090629883365676,0.4000000000000021,0.4000000000000021,0.0,0.1472421548715784,0.1596445778683157,0.9223122816800734,47.97931587234024,0.083,2,False,False,0.0,0.0,,False,,
2022-03-11,20.8,21.3,20.8,21.1,6.202,,21.01,22.243710183279138,19.776289816720865,20.08958827844808,16.090629883365676,0.0,0.0,0.0,0.1325179393844206,0.1436801200814841,0.9223122816800734,47.97931587234024,0.406,2,False,False,0.0,0.0,,False,,
2022-03-14,21.2,21.5,21.2,21.4,5.982,,21.004,22.226883844835356,19.78111615516465,20.01691112469288,15.976480003363038,0.2999999999999971,0.2999999999999971,0.0,0.1492661454459782,0.1293121080733357,1.1543091182252332,53.58140614361686,-1.964,3,False,False,0.0,0.0,,False,,
2022-03-15,21.4,21.5,21.0,21.1,5.449,,20.994,22.20511181842751,19.78288818157248,19.884436720464578,15.82877857621224,-0.2999999999999971,0.0,0.2999999999999971,0.1343395309013804,0.1463808972660019,0.9177394961397184,47.85527429492205,1.09,-1,False,False,0.0,0.0,,False,,
2022-03-16,21.3,21.6,21.2,21.5,4.446,,20.994,22.20511181842751,19.78288818157248,19.884436720464578,15.82877857621224,0.3999999999999986,0.3999999999999986,0.0,0.1609055778112422,0.1317428075394017,1.2213613844772402,54.982561280305454,0.478,1,False,False,0.0,0.0,,False,,
2022-03-17,21.6,21.7,21.5,21.6,3.877,,20.992000000000004,22.198675310977464,19.785324689022545,19.861619608277334,15.785024555506595,0.1000000000000014,0.1000000000000014,0.0,0.1548150200301181,0.1185685267854615,1.3057007979043311,56.62923823815702,-0.331,2,False,False,0.0,0.0,,False,,
2022-03-18,21.6,21.6,21.4,21.4,3.35,,20.996,22.206808466627667,19.78519153337233,19.91573948387054,15.840288637602097,-0.2000000000000028,0.0,0.2000000000000028,0.1393335180271063,0.1267116741069156,1.0996107423341337,52.37212404008271,-0.066,-1,False,False,0.0,0.0,,False,,
2022-03-21,21.6,21.6,21.3,21.4,3.078,,21.004,22.220190103292676,19.78780989670733,20.029020103143587,15.931069660737498,0.0,0.0,0.0,0.1254001662243957,0.1140405066962241,1.0996107423341337,52.37212404008271,0.177,-1,False,False,0.0,0.0,,False,,
2022-03-22,21.4,21.5,21.2,21.3,3.078,,21.018,22.231320624886763,19.80467937511323,18.543975471447208,16.006579119231805,-0.0999999999999978,0.0,0.0999999999999978,0.1128601496019561,0.1126364560266014,1.0019859784588911,50.04960020899895,0.129,-2,False,False,0.0,0.0,,False,,
2022-03-23,21.4,21.6,21.3,21.3,2.819,21.6,21.033999999999995,22.240519703908088,19.827480296091903,18.80078267579203,14.314797004479557,0.0,0.0,0.0,0.1015741346417605,0.1013728104239413,1.0019859784588911,50.04960020899895,0.591,-2,False,False,0.0,0.0,,False,,
2022-03-24,21.3,21.4,21.0,21.0,2.831,,21.036,22.241944460087787,19.83005553991221,18.83240475052704,14.336753533291487,-0.3000000000000007,0.0,0.3000000000000007,0.0914167211775845,0.1212355293815472,0.7540423310223003,42.98883314764845,1.279,-3,False,False,0.0,0.0,,False,,
2022-03-25,21.1,21.2,20.4,20.4,3.773,,21.03,22.24571344636537,19.814286553634627,18.72352717643153,14.202307156288825,-0.6000000000000014,0.0,0.6000000000000014,0.082275049059826,0.1691119764433926,0.4865122553124805,32.72843890615692,4.079,-4,False,True,0.0,0.0,,False,,
2022-03-28,20.5,20.6,20.4,20.5,3.943,,21.028,22.24692558913038,19.809074410869624,18.687311623734917,14.157868427074405,0.1000000000000014,0.1000000000000014,0.0,0.0840475441538435,0.1522007787990534,0.5522149414544671,35.57593260486378,4.236,1,False,False,0.0,0.0,,False,,
2022-03-29,20.5,20.6,20.3,20.4,3.987,,21.028,22.24692558913038,19.809074410869624,18.687311623734917,14.157868427074405,-0.1000000000000014,0.0,0.1000000000000014,0.0756427897384592,0.1469807009191482,0.5146443666782426,33.97790121564351,5.422,-1,False,False,0.0,0.0,,False,,
2022-03-30,20.5,20.7,20.5,20.7,3.889,,21.038,22.237244660234992,19.838755339765,18.874695801870583,14.410928026836393,0.3000000000000007,0.3000000000000007,0.0,0.0980785107646133,0.1322826308272334,0.7414315103296364,42.57597878134699,3.04,1,False,False,0.0,0.0,,False,,
2022-03-31,20.7,20.7,20.4,20.6,4.066,,21.048,22.22342176538072,19.872578234619287,19.06929528470682,14.699302028364032,-0.0999999999999978,0.0,0.0999999999999978,0.088270659688152,0.1290543677445098,0.6839804125258457,40.61688648147195,4.062,-1,False,False,0.0,0.0,,False,,
2022-04-01,20.5,20.6,20.3,20.4,3.974,,21.06,22.19497280377383,19.925027196226168,17.62966373153166,13.453005052877169,-0.2000000000000028,0.0,0.2000000000000028,0.0794435937193368,0.1361489309700591,0.5835050863293777,36.84895560910155,4.748,-2,False,False,0.0,0.0,,False,,
2022-04-04,20.3,20.5,20.3,20.4,3.072,,21.064,22.18795802085895,19.94004197914105,17.708615502458812,13.580015101554157,0.0,0.0,0.0,0.0714992343474031,0.1225340378730532,0.5835050863293777,36.84895560910155,4.383,-2,False,False,0.0,0.0,,False,,
2022-04-05,20.4,20.5,20.3,20.5,2.939,,21.076,22.16138340822829,19.990616591771715,17.954363479568926,14.007825749796952,0.1000000000000014,0.1000000000000014,0.0,0.074349310912663,0.1102806340857479,0.6741828384379186,40.26936741670097,0.467,1,False,False,0.0,0.0,,False,,
2022-04-07,20.4,20.4,19.9,20.0,3.503,,21.08,22.14751666812973,20.012483331870268,16.36509681441205,12.513560121055288,-0.5,0.0,0.5,0.0669143798213967,0.1492525706771731,0.4483298312236754,30.95495387572644,2.522,-1,False,False,0.0,0.0,,False,,
2022-04-08,20.0,20.2,20.0,20.1,3.519,,21.08,22.14751666812973,20.012483331870268,16.36509681441205,12.513560121055288,0.1000000000000014,0.1000000000000014,0.0,0.0702229418392571,0.1343273136094558,0.5227748545870862,34.330410238409215,1.106,1,False,False,0.0,0.0,,False,,
2022-04-11,20.2,20.2,19.9,20.0,3.547,,21.08,22.14751666812973,20.012483331870268,16.36509681441205,12.513560121055288,-0.1000000000000014,0.0,0.1000000000000014,0.0632006476553314,0.1308945822485104,0.4828362379073997,32.56166969515024,0.708,-1,False,False,0.0,0.0,,False,,
2022-04-12,20.0,20.0,19.8,19.9,3.432,,21.07,22.17231666993493,19.96768333006507,17.83527479474464,13.813833289020453,-0.1000000000000014,0.0,0.1000000000000014,0.0568805828897983,0.1278051240236594,0.4450571393308808,30.798584167886958,0.365,-2,False,False,0.0,0.0,,False,,
2022-04-18,19.9,20.1,19.7,20.0,3.728,19.7,21.062,22.18967776552402,19.93432223447597,17.672014153037335,19.919382371605057,0.1000000000000014,0.1000000000000014,0.0,0.0611925246008186,0.1150246116212935,0.5319950551303628,34.725637876493884,0.047,1,False,False,0.0,0.0,,False,,
2022-04-19,20.2,20.5,20.1,20.5,4.003,,21.056,22.192525316884083,19.91947468311591,17.56592729045035,19.938890945972844,0.5,0.5,0.0,0.1050732721407367,0.1035221504591641,1.0149834762385896,50.371801466743534,-2.499,2,False,False,0.0,0.0,,False,,
2022-04-20,20.6,20.6,20.3,20.4,3.439,,21.036000000000005,22.182964049398397,19.889035950601617,18.93400721725776,19.87338670242838,-0.1000000000000014,0.0,0.1000000000000014,0.0945659449266631,0.1031699354132479,0.9166037038588668,47.82437297879515,-0.579,-1,False,False,0.0,0.0,,False,,
2022-04-21,20.5,20.6,20.3,20.3,3.561,20.6,21.018,22.18257226973197,19.853427730268027,18.62772744819894,6.9815248282651945,-0.0999999999999978,0.0,0.0999999999999978,0.0851093504339968,0.1028529418719229,0.8274858150385117,45.280013022759,-0.479,-2,False,False,0.0,0.0,,False,,
2022-04-22,20.3,20.3,20.2,20.3,3.138,,21.0,22.180798761129864,19.819201238870136,18.323762075107464,6.689709762606771,0.0,0.0,0.0,0.0765984153905971,0.0925676476847306,0.8274858150385116,45.280013022759,-2.519,-2,False,False,0.0,0.0,,False,,
2022-04-25,20.1,20.3,20.1,20.1,3.128,,20.974,22.175910044513373,19.77208995548662,19.591928702457647,7.991368987496538,-0.1999999999999993,0.0,0.1999999999999993,0.0689385738515374,0.1033108829162575,0.667292466248867,40.02252032903171,-1.773,-3,False,False,1.0,0.0,r,False,,
2022-04-26,20.2,20.3,19.9,20.1,3.259,,20.952,22.177071426489128,19.726928573510875,19.211813575055963,7.603297232178957,0.0,0.0,0.0,0.0620447164663836,0.0929797946246317,0.667292466248867,40.02252032903171,-2.14,-3,False,False,2.0,0.0,,False,,
2022-04-27,20.1,20.1,19.8,19.9,3.139,,20.914,22.149535081968786,19.678464918031214,20.323871036718412,8.904006190150298,-0.2000000000000028,0.0,0.2000000000000028,0.0558402448197453,0.1036818151621688,0.538573179225359,35.00471648001299,0.593,-4,False,False,3.0,0.0,,False,,
2022-04-28,20.0,20.1,19.9,20.0,3.162,,20.882,22.127851892792883,19.636148107207116,19.808855925937618,8.537542608413586,0.1000000000000014,0.1000000000000014,0.0,0.0602562203377709,0.0933136336459519,0.645738655579456,39.23701089418081,-0.079,1,False,False,4.0,0.0,,False,,
2022-04-29,19.5,19.8,19.1,19.2,3.786,,20.838,22.1621184976876,19.5138815023124,20.71101769833807,9.204943870680324,-0.8000000000000007,0.0,0.8000000000000007,0.0542305983039938,0.1639822702813568,0.330710132326783,24.8521540711896,1.639,-1,False,False,5.0,0.0,,False,,
2022-05-03,19.2,19.3,19.1,19.1,3.958,,20.796,22.203826519925016,19.388173480074983,23.39536431811573,11.603805206944411,-0.0999999999999978,0.0,0.0999999999999978,0.0488075384735944,0.1575840432532209,0.30972386204843,23.64802772731167,1.281,-2,False,False,6.0,0.0,,False,,
2022-05-05,19.3,19.4,18.9,18.9,4.736,,20.742000000000004,22.228862193908224,19.255137806091785,24.155571456260866,12.19417033278746,-0.2000000000000028,0.0,0.2000000000000028,0.043926784626235,0.1618256389278991,0.2714451487245876,21.349340079426927,0.414,-3,False,False,7.0,0.0,,False,,
2022-05-06,18.7,18.8,18.5,18.6,4.521,,20.68,22.259459995552632,19.100540004447367,24.76183394983312,12.592857340004056,-0.2999999999999971,0.0,0.2999999999999971,0.0395341061636115,0.1756430750351089,0.2250820657501532,18.37281534378915,-0.159,-4,False,False,8.0,0.0,,False,,
2022-05-09,18.3,18.5,18.0,18.1,4.914,,20.608,22.320303616030017,18.895696383969977,28.74690333586152,16.1665239469879,-0.5,0.0,0.5,0.0355806955472503,0.2080787675315981,0.1709962816934082,14.60263233681034,3.714,-5,False,False,9.0,0.0,,True,1.0,
2022-05-10,17.9,18.4,17.6,18.3,5.962,,20.546,22.362572237450973,18.729427762549022,29.33628708344981,16.471989364491634,0.1999999999999993,0.1999999999999993,0.0,0.0520226259925252,0.1872708907784382,0.277793445507095,21.740090034414926,1.718,1,False,False,0.0,0.0,,False,2.0,
2022-05-11,18.4,18.4,18.0,18.2,5.753,,20.484,22.404187065717043,18.56381293428296,31.78849413047533,18.644950143456985,-0.1000000000000014,0.0,0.1000000000000014,0.0468203633932727,0.1785438017005946,0.2622346054431347,20.77542513192876,0.754,-1,False,False,0.0,0.0,,False,,
2022-05-12,18.1,18.2,17.5,17.8,6.613,17.5,20.414,22.463593289670246,18.36440671032975,34.07045573245998,42.21539537630714,-0.3999999999999986,0.0,0.3999999999999986,0.0421383270539454,0.200689421530535,0.2099678534751971,17.353176191593857,2.197,-2,False,False,0.0,0.0,,False,,
2022-05-13,18.0,18.9,17.8,18.9,7.461,,20.38,22.47294246535001,18.287057534649986,35.300745612148155,42.27756739457759,1.099999999999998,1.099999999999998,0.0,0.1479244943485507,0.1806204793774815,0.8189796354122227,45.02412338589063,0.069,1,False,False,0.0,0.0,,False,,
2022-05-17,18.9,19.2,18.8,19.1,7.596,,20.342,22.45786427557467,18.22613572442533,34.61574811560586,42.17729743257157,0.2000000000000028,0.2000000000000028,0.0,0.1531320449136959,0.1625584314397333,0.942012318631826,48.50702076367293,0.368,2,False,False,0.0,0.0,,False,,
2022-05-18,19.1,19.1,18.8,19.0,7.248,,20.284,22.384480022883025,18.183519977116973,35.6361728925408,41.68825231370528,-0.1000000000000014,0.0,0.1000000000000014,0.1378188404223263,0.1563025882957602,0.8817438145140735,46.85780326275541,-0.701,-1,False,False,0.0,0.0,,False,,
2022-05-19,18.7,18.9,18.6,18.6,6.403,,20.22,22.32693703595277,18.113062964047224,34.568689618011184,41.30173607049478,-0.3999999999999986,0.0,0.3999999999999986,0.1240369563800937,0.180672329466184,0.6865299005474406,40.7066545529134,1.996,-2,False,False,0.0,0.0,,False,3.0,
2022-05-20,18.8,18.9,18.6,18.8,6.214,,20.160000000000004,22.2541122516353,18.06588774836471,35.551217082179214,40.80949751509387,0.1999999999999993,0.1999999999999993,0.0,0.1316332607420842,0.1626050965195656,0.809527275341246,44.73694795170097,2.214,1,False,False,0.0,0.0,,False,4.0,
2022-05-23,18.9,18.9,18.7,18.8,5.52,18.9,20.096,22.15590291033341,18.03609708966659,34.59208771532944,9.65449687663524,0.0,0.0,0.0,0.1184699346678758,0.146344586867609,0.809527275341246,44.73694795170097,1.294,1,False,False,0.0,0.0,,False,,
2022-05-24,18.9,18.9,18.4,18.4,4.716,,20.032,22.1000030789856,17.9639969210144,35.45142692315046,10.896805829020089,-0.4000000000000021,0.0,0.4000000000000021,0.1066229412010882,0.1717101281808483,0.6209473042195331,38.30767987356085,2.38,-1,False,False,0.0,0.0,,False,5.0,
2022-05-25,18.4,18.6,18.3,18.5,4.59,,19.986,22.086343995149186,17.885656004850816,36.548109902300205,12.087982143858122,0.1000000000000014,0.1000000000000014,0.0,0.1059606470809796,0.1545391153627635,0.6856558408028199,40.67590929333864,2.761,1,False,False,0.0,0.0,,False,6.0,
2022-05-26,18.5,18.7,18.4,18.5,4.767,18.4,19.944,22.077947190594216,17.810052809405782,35.74411968212822,31.79903866453076,0.0,0.0,0.0,0.0953645823728816,0.1390852038264871,0.6856558408028199,40.67590929333864,3.209,1,False,False,0.0,0.0,,False,,
2022-05-27,18.6,18.7,18.5,18.5,4.468,,19.9,22.060876617278755,17.739123382721242,36.89535699890453,31.680944438334404,0.0,0.0,0.0,0.0858281241355934,0.1251766834438384,0.6856558408028199,40.67590929333864,4.374,1,False,False,0.0,0.0,,False,,
2022-05-30,18.6,18.9,18.6,18.8,4.468,18.9,19.854,22.008524427850404,17.699475572149595,38.12592771336503,14.204155721495916,0.3000000000000007,0.3000000000000007,0.0,0.1072453117220342,0.1126590150994546,0.9519461148081116,48.76907756757896,3.398,2,False,False,0.0,0.0,,False,,
2022-05-31,18.7,18.8,18.5,18.7,4.476,,19.806,21.954149654650607,17.657850345349388,37.33043879122836,13.787903453493849,-0.1000000000000014,0.0,0.1000000000000014,0.0965207805498307,0.1113931135895093,0.8664878594337169,46.42343935184261,3.821,-1,False,False,0.0,0.0,,False,,
2022-06-01,18.6,18.8,18.5,18.6,3.858,,19.75,21.874396673055628,17.625603326944372,36.44917860783199,13.465433269443686,-0.0999999999999978,0.0,0.0999999999999978,0.0868687024948477,0.1102538022305581,0.7878975666815689,44.068384082201526,2.993,-2,False,False,0.0,0.0,,False,7.0,
2022-06-02,18.6,18.8,18.5,18.6,3.85,,19.7,21.812354330202805,17.587645669797194,37.62537943456211,15.07915669797192,0.0,0.0,0.0,0.0781818322453629,0.0992284220075023,0.7878975666815689,44.068384082201526,2.784,-2,False,False,0.0,0.0,,False,,
2022-06-06,18.5,18.6,18.3,18.5,3.695,,19.64,21.71374254989989,17.566257450100107,36.71030771373842,14.865274501001048,-0.1000000000000014,0.0,0.1000000000000014,0.0703636490208266,0.0993055798067522,0.7085568520696788,41.47107257281844,1.657,-3,False,False,0.0,0.0,,False,8.0,
2022-06-07,18.4,18.4,18.1,18.3,4.022,18.1,19.574,21.602696173226857,17.54530382677314,35.70371296853958,30.351174700808183,-0.1999999999999993,0.0,0.1999999999999993,0.0633272841187439,0.1093750218260769,0.5789921964033439,36.66846471579672,3.116,-4,False,False,0.0,0.0,,False,9.0,
2022-06-08,18.3,18.5,18.2,18.5,3.889,,19.516,21.496871793232582,17.535128206767414,34.83438359413665,29.58360152646252,0.1999999999999993,0.1999999999999993,0.0,0.0769945557068695,0.0984375196434692,0.782166759033913,43.88852811158448,2.301,1,False,False,0.0,0.0,,False,,
2022-06-09,18.5,19.2,18.4,19.1,4.802,19.2,19.47,21.377771431994585,17.562228568005413,34.23208324819812,16.597185680054125,0.6000000000000014,0.6000000000000014,0.0,0.1292951001361827,0.0885937676791223,1.459415301135814,59.33992931010158,-1.876,2,False,False,0.0,0.0,,False,,
2022-06-10,18.9,18.9,18.6,18.7,4.948,,19.418000000000003,21.262878183025663,17.573121816974343,33.489812146016725,16.706118169743426,-0.4000000000000021,0.0,0.4000000000000021,0.1163655901225644,0.1197343909112103,0.9718643844679172,49.28657326148536,-2.691,-1,False,False,0.0,0.0,,False,,
2022-06-13,18.4,18.5,18.0,18.2,5.283,,19.356,21.15039490113644,17.561605098863556,32.53287104008271,16.590950988635555,-0.5,0.0,0.5,0.104729031110308,0.1577609518200893,0.663846344117783,39.89829628587324,-0.335,-2,False,False,1.0,0.0,r,False,10.0,
2022-06-14,18.1,18.2,17.9,18.1,5.465,,19.298,21.062729267552125,17.53327073244787,31.58769700666424,16.30760732447871,-0.0999999999999978,0.0,0.0999999999999978,0.0942561279992772,0.1519848566380801,0.6201678909611913,38.27800158372886,-0.494,-3,False,False,2.0,0.0,,False,11.0,
2022-06-15,18.2,18.2,18.0,18.1,5.155,,19.252,21.0193870947976,17.484612905202397,32.77223832734818,17.821029052023984,0.0,0.0,0.0,0.0848305151993494,0.1367863709742721,0.6201678909611913,38.27800158372886,-2.388,-3,False,False,3.0,0.0,,False,,
2022-06-16,18.3,18.3,17.5,17.7,5.986,,19.196,20.97935157979093,17.412648420209067,31.747420545390256,17.10138420209068,-0.4000000000000021,0.0,0.4000000000000021,0.0763474636794145,0.1631077338768451,0.4680799730628398,31.88381979534054,-1.139,-4,False,False,4.0,0.0,,False,12.0,
2022-06-17,17.6,17.9,17.3,17.5,5.776,,19.138,20.949928727705828,17.32607127229417,32.6564171335298,18.23561272294168,-0.1999999999999993,0.0,0.1999999999999993,0.068712717311473,0.1667969604891605,0.4119542533027058,29.176175668517768,-0.382,-5,False,False,5.0,0.0,,False,13.0,
2022-06-20,17.6,17.7,17.4,17.6,5.844,,19.076,20.88191318976841,17.270086810231586,33.574701753707565,19.675768102315867,0.1000000000000014,0.1000000000000014,0.0,0.0718414455803259,0.1501172644402445,0.4785688431521014,32.36703149593359,0.911,1,False,False,6.0,0.0,,False,,
2022-06-21,17.8,17.8,17.6,17.7,5.387,,19.018,20.81036020432299,17.22563979567701,32.577699454552246,19.231297956770124,0.0999999999999978,0.0999999999999978,0.0,0.0746573010222931,0.13510553799622,0.5525850540958717,35.5912903217829,-0.722,2,False,False,7.0,0.0,,False,,
2022-06-22,17.7,17.7,17.4,17.6,5.411,,18.962,20.753084496462776,17.170915503537223,33.58503017832079,20.68405503537222,-0.0999999999999978,0.0,0.0999999999999978,0.0671915709200638,0.1315949841965978,0.5105937078854175,33.80086288060637,-0.584,-1,False,False,8.0,0.0,,False,,
2022-06-23,17.7,17.7,17.4,17.4,5.761,,18.902,20.69745457833304,17.10654542166696,32.50785738405396,20.0403542166696,-0.2000000000000028,0.0,0.2000000000000028,0.0604724138280574,0.1384354857769383,0.4368274036723277,30.40221828703006,1.408,-2,False,False,9.0,0.0,,True,,
2022-06-24,17.5,17.8,17.4,17.4,5.294,,18.84,20.62428514239952,17.055714857600478,33.42473265469541,21.53204857600478,0.0,0.0,0.0,0.0544251724452516,0.1245919371992444,0.4368274036723277,30.40221828703006,2.941,-2,False,False,0.0,0.0,,False,,
2022-06-27,17.5,17.7,17.5,17.6,4.473,,18.792,20.57804111294863,17.005958887051374,32.562408608405725,21.034488870513744,0.2000000000000028,0.2000000000000028,0.0,0.0689826552007268,0.11213274347932,0.6151874382120049,38.08768095008285,2.91,1,False,False,0.0,0.0,,False,,
2022-06-28,17.7,17.9,17.5,17.8,4.628,,18.746,20.51291129098322,16.97908870901678,33.777683248627845,22.7657870901678,0.1999999999999993,0.1999999999999993,0.0,0.082084389680654,0.100919469131388,0.8133652543671984,44.85391194125613,0.667,2,False,False,0.0,0.0,,False,,
2022-06-29,17.7,17.8,17.6,17.6,4.628,,18.698,20.456241236263637,16.939758763736368,32.93245511511014,22.37248763736369,-0.1999999999999993,0.0,0.1999999999999993,0.0738759507125886,0.1108275222182491,0.6665848810289835,39.99705557255627,0.033,-1,False,False,0.0,0.0,,False,,
2022-06-30,17.7,17.8,17.3,17.4,4.791,,18.648,20.40890885624438,16.88709114375562,34.02759319894879,23.845811437556183,-0.2000000000000028,0.0,0.2000000000000028,0.0664883556413298,0.1197447699964245,0.5552506021207864,35.70168057569821,1.496,-2,False,False,0.0,0.0,,False,,
2022-07-01,17.4,17.5,17.2,17.4,4.628,,18.596,20.347482171167684,16.844517828832316,33.10754214142118,23.42007828832316,0.0,0.0,0.0,0.0598395200771968,0.107770292996782,0.5552506021207864,35.70168057569821,0.715,-2,False,False,0.0,0.0,,False,,
2022-07-04,17.4,17.4,16.9,17.0,4.968,,18.526,20.246374899816388,16.80562510018361,31.90040068794445,23.03115100183611,-0.3999999999999986,0.0,0.3999999999999986,0.0538555680694771,0.1369932636971037,0.3931256662995739,28.21896658783094,1.266,-3,False,False,0.0,0.0,,False,,
2022-07-05,17.0,17.2,16.3,16.4,6.138,,18.446,20.182621162264343,16.70937883773566,32.41883831746383,24.068688377356604,-0.6000000000000014,0.0,0.6000000000000014,0.0484700112625294,0.1832939373273935,0.2644387041342994,20.913524971172727,2.881,-4,False,True,0.0,0.0,,False,,
2022-07-06,16.3,16.5,16.1,16.4,5.987,,18.368,20.11503947831048,16.620960521689515,32.98109358373628,25.184505216895136,0.0,0.0,0.0,0.0436230101362764,0.1649645435946541,0.2644387041342994,20.913524971172727,4.986,-4,True,False,0.0,0.0,,False,,
2022-07-07,16.5,16.8,16.5,16.7,6.16,,18.296,20.01454708449681,16.577452915503187,33.71715897880654,26.749429155031876,0.3000000000000007,0.3000000000000007,0.0,0.0692607091226489,0.1484680892351887,0.4665023270618968,31.810541207699504,2.543,1,False,False,0.0,0.0,,False,,
2022-07-08,16.7,17.0,16.6,16.7,6.0,,18.228,19.92411320376908,16.531886796230914,32.50961038368676,26.293767962309143,0.0,0.0,0.0,0.062334638210384,0.1336212803116699,0.4665023270618968,31.810541207699504,2.798,1,False,False,0.0,0.0,,False,,
2022-07-11,16.6,16.8,16.5,16.7,6.0,,18.16,19.82206166539983,16.49793833460017,33.315324842037086,27.954283346001727,0.0,0.0,0.0,0.0561011743893456,0.1202591522805029,0.4665023270618968,31.810541207699504,1.653,1,False,False,0.0,0.0,,False,,
2022-07-12,16.6,16.8,16.5,16.7,5.333,,18.096,19.7308051122693,16.4611948877307,32.17742932199303,27.586848877307,0.0,0.0,0.0,0.050491056950411,0.1082332370524526,0.4665023270618968,31.810541207699504,0.798,1,False,False,0.0,0.0,,False,,
2022-07-14,16.7,16.7,16.2,16.3,4.667,,18.022,19.63990491887824,16.404095081121763,30.83348014957352,27.01585081121765,-0.3999999999999986,0.0,0.3999999999999986,0.0454419512553699,0.1374099133472072,0.3307035871607551,24.851784450837638,1.999,-1,False,False,0.0,0.0,,False,,
2022-07-15,16.3,16.5,16.0,16.2,4.833,,17.962,19.62351639615553,16.30048360384447,31.657636832066725,27.97973603844469,-0.1000000000000014,0.0,0.1000000000000014,0.0408977561298329,0.1336689220124866,0.3059630878598131,23.428157403837467,3.719,-2,False,False,0.0,0.0,,False,,
2022-07-18,16.3,16.5,16.2,16.4,4.833,,17.908,19.593878926584534,16.22212107341547,32.62091235029559,29.196110734154697,0.1999999999999993,0.1999999999999993,0.0,0.0568079805168496,0.1203020298112379,0.4722113218370892,32.074968778792126,0.912,1,False,False,0.0,0.0,,False,,
2022-07-19,16.3,16.3,15.9,16.3,4.833,,17.856,19.57701536238082,16.134984637619183,33.604639385130206,30.324746376191825,-0.0999999999999978,0.0,0.0999999999999978,0.0511271824651646,0.1182718268301139,0.4322853872765818,30.18151208667642,1.843,-1,False,False,0.0,0.0,,False,,
2022-07-20,16.4,16.5,16.1,16.1,5.0,,17.806,19.58313826365959,16.028861736340414,34.59602446303098,31.263517363404137,-0.1999999999999993,0.0,0.1999999999999993,0.0460144642186481,0.1264446441471025,0.3639099507063036,26.6813766200512,3.383,-2,False,False,0.0,0.0,,False,,
2022-07-21,16.2,16.4,16.0,16.3,5.333,,17.77,19.59510832778852,15.944891672211478,35.85918258280152,32.42381672211478,0.1999999999999993,0.1999999999999993,0.0,0.0614130177967832,0.1138001797323922,0.5396565975660106,35.05045205659073,2.751,1,False,False,0.0,0.0,,False,,
2022-07-22,16.3,16.5,16.2,16.3,5.0,16.2,17.73,19.594928734207613,15.865071265792388,37.05943527096989,33.408722613046024,0.0,0.0,0.0,0.0552717160171049,0.102420161759153,0.5396565975660106,35.05045205659073,3.572,1,False,False,0.0,0.0,,False,,
2022-07-25,16.4,17.2,16.4,17.0,5.667,,17.706,19.57711665884844,15.83488334115156,36.60449686100024,33.25566344948464,0.6999999999999993,0.6999999999999993,0.0,0.1197445444153944,0.0921781455832377,1.2990556889351168,56.5038809276002,-1.353,2,False,False,0.0,1.0,s,False,,
2022-07-26,17.0,17.2,16.7,16.9,6.0,,17.688000000000002,19.57269236378837,15.803307636211636,36.25072184414981,33.21764548203347,-0.1000000000000014,0.0,0.1000000000000014,0.1077700899738549,0.0929603310249141,1.159312674402716,53.68896724155021,0.815,-1,False,False,0.0,2.0,,False,,
2022-07-27,16.8,17.0,16.5,16.9,6.167,,17.648,19.51248657921728,15.783513420782718,37.53543138304129,32.700297175214104,0.0,0.0,0.0,0.0969930809764694,0.0836642979224227,1.159312674402716,53.68896724155021,2.019,-1,False,False,0.0,3.0,,False,,
2022-08-01,17.0,17.1,16.8,16.8,6.0,,17.602,19.433466458266388,15.770533541733611,36.722154945923066,32.01681952858693,-0.0999999999999978,0.0,0.0999999999999978,0.0872937728788225,0.0852978681301802,1.0233992336783395,50.57821593704476,2.619,-2,False,False,0.0,4.0,,False,,
2022-08-02,16.8,17.4,16.8,17.2,6.333,,17.566000000000003,19.355588939233893,15.77641106076611,36.10353528035529,31.33942467269418,0.3999999999999986,0.3999999999999986,0.0,0.1185643955909401,0.0767680813171622,1.5444491194341463,60.69876216576154,0.751,1,False,False,0.0,5.0,,False,,
2022-08-03,17.3,17.3,16.9,17.1,6.667,,17.536,19.305012176790303,15.7669878232097,35.567919498945976,30.898041266848967,-0.0999999999999978,0.0,0.0999999999999978,0.1067079560318461,0.0790912731854457,1.349174842357732,57.43186152136903,1.394,-1,False,False,0.0,6.0,,False,,
2022-08-04,17.1,17.3,17.0,17.2,5.667,,17.503999999999998,19.237209833381492,15.7707901666185,35.01002494094188,30.30212327475688,0.0999999999999978,0.0999999999999978,0.0,0.1060371604286612,0.0711821458669011,1.4896595085364972,59.83386496943782,1.305,1,False,False,0.0,7.0,,False,,
2022-08-05,17.1,17.3,17.0,17.1,5.333,,17.47,19.165732940082645,15.774267059917351,34.41393018124584,29.671259582072302,-0.0999999999999978,0.0,0.0999999999999978,0.0954334443857951,0.0740639312802108,1.28852793439678,56.3037887818667,3.269,-1,False,False,0.0,8.0,,False,,
2022-08-08,17.2,17.3,16.9,17.3,5.333,,17.448,19.122899936091127,15.773100063908872,34.02271697279219,29.29171633370346,0.1999999999999993,0.1999999999999993,0.0,0.1058900999472155,0.0666575381521897,1.5885690183374552,61.36861745172767,2.721,1,False,False,0.0,9.0,,False,,
2022-08-09,17.3,17.6,17.2,17.5,5.499,,17.428,19.07528100027811,15.780718999721891,33.67529876770191,28.86810877048297,0.1999999999999993,0.1999999999999993,0.0,0.1153010899524939,0.0599917843369708,1.9219480004937608,65.77625611985509,1.921,2,False,False,0.0,0.0,,False,,
2022-08-10,17.6,17.6,17.1,17.3,5.164,,17.404,19.02224293728764,15.785757062712364,33.252155571227654,28.394584944104015,-0.1999999999999993,0.0,0.1999999999999993,0.1037709809572445,0.0739926059032736,1.402450686665888,58.37583657595087,3.699,-1,False,False,0.0,0.0,,False,,
2022-08-11,17.4,17.6,17.3,17.5,4.83,,17.384,18.971378791773127,15.796621208226874,32.90476431426804,27.93855223199929,0.1999999999999993,0.1999999999999993,0.0,0.11339388286152,0.0665933453129462,1.702780996038584,63.0010718047196,2.935,1,False,False,0.0,0.0,,False,,
2022-08-15,17.8,18.0,17.8,17.9,4.65,,17.366,18.90759207394455,15.82440792605545,30.608869965685727,27.364790705131234,0.3999999999999986,0.3999999999999986,0.0,0.1420544945753679,0.0599340107816516,2.370181683533464,70.32800917274137,1.522,2,False,False,0.0,0.0,,False,,
2022-08-16,17.9,18.3,17.9,18.3,4.948,,17.358,18.875296198868803,15.840703801131198,30.47967216546106,27.072634154149085,0.4000000000000021,0.4000000000000021,0.0,0.1678490451178313,0.0539406097034865,3.111738002972225,75.67938425850245,1.167,3,False,False,0.0,0.0,,False,,
2022-08-17,18.3,18.5,18.1,18.5,4.736,,17.355999999999998,18.86686405876945,15.845135941230543,30.447581512874184,26.99622210056876,0.1999999999999993,0.1999999999999993,0.0,0.1710641406060481,0.0485465487331378,3.5237137359937565,77.89426877206405,-0.451,4,False,False,0.0,0.0,,False,,
2022-08-18,18.4,18.4,18.1,18.3,4.694,,17.35,18.842976755290053,15.85702324470995,30.349987803537942,26.779755356438454,-0.1999999999999993,0.0,0.1999999999999993,0.1539577265454433,0.063691893859824,2.417226388090774,70.73650128990411,-1.273,-1,False,False,0.0,0.0,,False,,
2022-08-19,18.4,18.6,18.2,18.6,4.478,,17.352,18.85151828999865,15.852481710001344,30.38197584398124,26.857158743967805,0.3000000000000007,0.3000000000000007,0.0,0.168561953890899,0.0573227044738416,2.9405792249006657,74.62302004535366,-4.284,1,False,False,0.0,0.0,,False,,
2022-08-22,18.5,18.5,18.1,18.1,4.601,,17.348,18.838234880815666,15.857765119184336,30.31443568179488,26.736784489951525,-0.5,0.0,0.5,0.1517057585018091,0.1015904340264574,1.4933075141927246,59.892632805714015,0.809,-1,False,False,0.0,0.0,,False,,
2022-08-23,18.0,18.6,17.8,18.5,5.544,,17.348,18.838234880815666,15.857765119184336,30.31443568179488,26.736784489951525,0.3999999999999986,0.3999999999999986,0.0,0.1765351826516281,0.0914313906238117,1.9307940243189587,65.87955374201454,-0.187,1,False,False,0.0,0.0,,False,,
2022-08-24,18.3,18.5,18.1,18.3,5.369,,17.332,18.76139404886772,15.902605951132283,28.06392578343624,26.037866272113405,-0.1999999999999993,0.0,0.1999999999999993,0.1588816643864653,0.1022882515614304,1.553273831169623,60.83459643880372,1.994,-1,False,False,0.0,0.0,,False,,
2022-08-25,18.3,18.5,18.2,18.4,5.209,,17.326,18.734319305166903,15.917680694833097,27.96750788519964,25.79070093686869,0.0999999999999978,0.0999999999999978,0.0,0.1529934979478185,0.0920594264052874,1.6618993178848591,62.43283909045071,1.677,1,False,False,0.0,0.0,,False,,
2022-08-26,18.3,18.4,18.0,18.2,5.37,,17.326,18.734319305166903,15.917680694833097,27.96750788519964,25.79070093686869,-0.1999999999999993,0.0,0.1999999999999993,0.1376941481530367,0.1028534837647586,1.338740732088025,57.24194707520225,-0.365,-1,False,False,0.0,0.0,,False,,
2022-08-29,17.8,18.2,17.7,18.1,5.556,,17.326,18.734319305166903,15.917680694833097,27.96750788519964,25.79070093686869,-0.0999999999999978,0.0,0.0999999999999978,0.123924733337733,0.1025681353882825,1.2082186428426611,54.71462922200991,1.707,-2,False,False,0.0,0.0,,False,,
2022-08-30,18.1,18.4,18.1,18.3,5.558,,17.33,18.748392306343188,15.91160769365681,28.03525030117507,25.91917336460697,0.1999999999999993,0.1999999999999993,0.0,0.1315322600039597,0.0923113218494543,1.4248767905032145,58.76079131457733,1.161,1,False,False,0.0,0.0,,False,,
2022-08-31,18.2,18.4,18.1,18.4,4.918,,17.344,18.790831866174944,15.897168133825058,30.278285444561647,26.30660410631107,0.0999999999999978,0.0999999999999978,0.0,0.1283790340035635,0.0830801896645088,1.5452424280924084,60.71101169135101,-1.959,2,False,False,0.0,0.0,,False,,
2022-09-01,18.3,18.5,18.1,18.2,4.918,,17.358,18.82440752194192,15.89159247805808,30.52740574441846,26.611480963837653,-0.1999999999999993,0.0,0.1999999999999993,0.1155411306032071,0.0947721706980579,1.2191461876642955,54.93762395831507,-0.782,-1,False,False,0.0,0.0,,False,,
2022-09-02,18.3,18.3,18.1,18.2,4.765,,17.37,18.854202527573925,15.88579747242608,30.739458029135683,26.8814833048749,0.0,0.0,0.0,0.1039870175428864,0.0852949536282521,1.2191461876642955,54.93762395831507,-0.993,-1,False,False,0.0,0.0,,False,,
2022-09-05,18.3,18.4,18.1,18.2,4.604,,17.38,18.87993197124637,15.880068028753628,30.91532381097087,27.11464352343461,0.0,0.0,0.0,0.0935883157885978,0.0767654582654269,1.2191461876642955,54.93762395831507,0.682,-1,False,False,0.0,0.0,,False,,
2022-09-06,18.2,18.5,18.1,18.5,4.423,,17.398,18.929966856357957,15.866033143642046,31.22638330936026,27.56605187293981,0.3000000000000007,0.3000000000000007,0.0,0.1142294842097381,0.0690889124388842,1.653369262554032,62.31206812739521,-1.263,1,False,False,0.0,0.0,,False,,
2022-09-07,18.5,18.5,18.3,18.3,4.103,,17.416,18.96906674889726,15.862933251102742,31.54708791735827,27.91775540633085,-0.1999999999999993,0.0,0.1999999999999993,0.1028065357887643,0.0821800211949957,1.250991838330465,55.575138791187776,-0.408,-1,False,False,0.0,0.0,,False,,
2022-09-08,18.3,18.4,18.2,18.3,3.943,,17.434,19.007043326206286,15.860956673793714,31.86844955430686,28.258882816369727,0.0,0.0,0.0,0.0925258822098878,0.0739620190754961,1.250991838330465,55.575138791187776,0.821,-1,False,False,0.0,0.0,,False,,
2022-09-09,18.2,18.3,18.0,18.1,3.792,,17.444,19.027671786239274,15.860328213760722,32.046335845151454,28.443053707544244,-0.1999999999999993,0.0,0.1999999999999993,0.083273293988899,0.0865658171679465,0.9619650886832204,49.03069347318746,3.422,-2,False,False,1.0,0.0,,False,,
2022-09-12,18.2,18.5,18.1,18.4,4.104,,17.456000000000003,19.05964890045112,15.852351099548892,32.252056378716475,28.72854538322756,0.2999999999999971,0.2999999999999971,0.0,0.1049459645900089,0.0779092354511518,1.347028551651091,57.392934172167664,1.839,1,False,False,2.0,0.0,r,False,,
2022-09-13,18.3,18.4,18.2,18.2,3.944,18.4,17.468,19.084971217544407,15.851028782455591,32.46491085479239,27.148487824555904,-0.1999999999999993,0.0,0.1999999999999993,0.094451368131008,0.0901183119060366,1.0480818618694208,51.17382666104795,1.607,-1,False,False,3.0,0.0,,False,,
2022-09-14,18.0,18.1,17.8,18.0,3.802,,17.48,19.10380254152937,15.856197458470628,32.68446890519803,27.200174584706257,-0.1999999999999993,0.0,0.1999999999999993,0.0850062313179072,0.1011064807154328,0.8407594717608629,45.67459707033835,0.91,-2,False,False,4.0,0.0,,False,,
2022-09-15,18.0,18.0,17.7,17.8,3.984,,17.488000000000003,19.11413351360869,15.861866486391316,32.83270192799974,27.256864863913147,-0.1999999999999993,0.0,0.1999999999999993,0.0765056081861165,0.1109958326438895,0.6892655910026028,40.8026774874112,0.083,-3,False,False,5.0,0.0,,False,,
2022-09-16,17.7,18.0,17.7,18.0,4.005,,17.508000000000003,19.134233911432663,15.88176608856734,33.20980757487821,27.45586088567338,0.1999999999999993,0.1999999999999993,0.0,0.0888550473675047,0.0998962493795005,0.8894733077510163,47.07519836888989,-1.249,1,False,False,6.0,0.0,,False,,
2022-09-19,18.0,18.1,17.6,17.6,4.344,,17.531999999999996,19.12660314300241,15.937396856997584,31.698499020120185,26.01216856997583,-0.3999999999999986,0.0,0.3999999999999986,0.0799695426307543,0.1299066244415503,0.6155924917188149,38.10320330616859,1.617,-1,False,False,7.0,0.0,,False,,
2022-09-20,17.8,17.8,17.6,17.7,4.048,,17.558,19.11931289598958,15.996687104010418,32.22680261146783,26.605071040104157,0.0999999999999978,0.0999999999999978,0.0,0.0819725883676786,0.1169159619973953,0.7011240122157559,41.215338045962014,0.344,1,False,False,8.0,0.0,,False,,
2022-09-21,17.8,17.8,17.2,17.2,4.578,,17.568,19.113204563433868,16.022795436566135,30.43376000224884,24.866154365661327,-0.5,0.0,0.5,0.0737753295309108,0.1552243657976558,0.4752818872977798,32.21634396720863,3.627,-1,False,False,9.0,0.0,,False,1.0,
2022-09-22,17.2,17.4,17.1,17.4,4.765,,17.582,19.107666130861155,16.056333869138847,30.720068276949146,25.201538691388446,0.1999999999999993,0.1999999999999993,0.0,0.0863977965778196,0.1397019292178902,0.6184438329628704,38.21225181665346,0.657,1,True,False,0.0,0.0,,False,2.0,
2022-09-23,17.3,17.4,17.0,17.1,5.114,,17.59,19.100912685384845,16.079087314615155,30.887760451346644,25.429073146151527,-0.2999999999999971,0.0,0.2999999999999971,0.0777580169200376,0.1557317362961009,0.499307455046878,33.30253934015599,0.506,-1,False,False,0.0,0.0,,False,3.0,
2022-09-26,16.8,17.0,16.5,16.7,5.463,,17.59,19.100912685384845,16.079087314615155,30.887760451346644,25.429073146151527,-0.4000000000000021,0.0,0.4000000000000021,0.0699822152280339,0.180158562666491,0.3884478994072836,27.977131844349977,1.088,-2,False,False,0.0,0.0,,False,4.0,
2022-09-27,16.8,16.9,16.7,16.7,5.153,,17.598,19.085081788234145,16.110918211765853,29.064792323012963,23.747382117658493,0.0,0.0,0.0,0.0629839937052305,0.1621427063998419,0.3884478994072836,27.977131844349977,-0.01,-2,False,False,0.0,0.0,,False,5.0,R
2022-09-28,16.7,16.7,16.3,16.3,5.493,,17.6,19.07965798585408,16.120342014145923,29.11060663916444,23.84162014145919,-0.3999999999999986,0.0,0.3999999999999986,0.0566855943347074,0.1859284357598576,0.3048785631043641,23.36451618754809,0.193,-3,False,False,0.0,0.0,,False,6.0,R
2022-09-29,16.4,16.7,16.2,16.2,5.333,,17.596,19.08991145272105,16.102088547278946,29.01961492268302,23.659085472789425,-0.1000000000000014,0.0,0.1000000000000014,0.0510170349012367,0.177335592183872,0.287686381921229,22.341339161481287,0.233,-4,False,False,0.0,0.0,,False,7.0,
2022-09-30,16.2,16.4,16.1,16.2,5.333,,17.593999999999998,19.095243022379982,16.09275697762001,30.97389948000861,25.565769776200074,0.0,0.0,0.0,0.045915331411113,0.1596020329654848,0.287686381921229,22.341339161481287,-1.061,-4,False,False,0.0,0.0,,False,8.0,
2022-10-03,16.1,16.3,16.0,16.0,5.0,,17.592,19.101610032087525,16.082389967912473,30.92696617345227,25.46209967912471,-0.1999999999999993,0.0,0.1999999999999993,0.0413237982700017,0.1636418296689362,0.2525258875044596,20.161330797528965,1.753,-5,False,False,0.0,0.0,,False,9.0,
2022-10-04,16.3,16.3,15.9,16.1,4.833,,17.588,19.112568858425668,16.063431141574334,30.83448407025317,25.27251141574332,0.1000000000000014,0.1000000000000014,0.0,0.0471914184430017,0.1472776467020426,0.3204248540070351,24.26679966184036,1.391,1,False,False,0.0,0.0,,False,10.0,
2022-10-05,16.3,16.3,16.1,16.3,4.667,,17.588,19.112568858425668,16.063431141574334,30.83448407025317,25.27251141574332,0.1999999999999993,0.1999999999999993,0.0,0.0624722765987014,0.1325498820318384,0.471311446234978,32.03342483612449,0.538,2,False,False,0.0,0.0,,False,,
2022-10-06,16.4,16.7,16.3,16.5,4.667,,17.578000000000003,19.124709476301657,16.03129052369835,30.62065590649246,24.95110523698347,0.1999999999999993,0.1999999999999993,0.0,0.0762250489388312,0.1192948938286545,0.6389632153771367,38.9858179477266,-1.188,3,False,False,0.0,0.0,,False,,
2022-10-07,16.6,16.6,16.0,16.1,4.833,,17.561999999999998,19.153246463035234,15.97075353696476,32.268152278602805,26.345735369647585,-0.3999999999999986,0.0,0.3999999999999986,0.0686025440449481,0.1473654044457889,0.4655267924174485,31.76515058107824,-0.684,-1,False,False,0.0,0.0,,False,11.0,
2022-10-10,16.0,16.1,14.9,15.1,6.167,,17.526,19.253950301628397,15.798049698371605,35.42983593623615,28.618696983716035,-1.0000000000000018,0.0,1.0000000000000018,0.0617422896404533,0.2326288640012102,0.2654111298937182,20.9743002589214,1.097,-2,False,True,0.0,0.0,,False,12.0,
2022-10-11,15.1,15.2,14.7,14.8,6.5,,17.486,19.368252233200284,15.603747766799716,36.48741490713605,28.67567766799716,-0.2999999999999989,0.0,0.2999999999999989,0.0555680606764079,0.2393659776010891,0.2321468624459818,18.840843532656347,1.768,-3,False,False,0.0,0.0,,False,13.0,
2022-10-12,14.8,14.9,14.6,14.8,6.333,,17.438,19.46672836415078,15.40927163584922,39.39758399203794,30.730916358492166,0.0,0.0,0.0,0.0500112546087671,0.2154293798409802,0.2321468624459818,18.840843532656336,1.768,-3,False,False,0.0,0.0,,False,2.0,
2022-10-17,14.8,14.9,14.5,14.8,6.667,,17.392,19.552060467785445,15.231939532214552,42.35975092182586,32.95759532214551,0.0,0.0,0.0,0.0450101291478904,0.1938864418568822,0.2321468624459817,18.840843532656336,3.249,-3,False,False,0.0,0.0,,False,,
2022-10-18,14.9,15.3,14.8,15.2,6.833,,17.352,19.59889899684888,15.10510100315112,43.49384911143363,33.68921003151119,0.3999999999999986,0.3999999999999986,0.0,0.0805091162331012,0.1744977976711939,0.4613761165330265,31.571346439381863,3.378,1,False,False,0.0,0.0,,False,,
2022-10-19,15.2,15.3,15.1,15.2,6.167,,17.314,19.641128387221453,14.986871612778549,46.671676757235566,36.50691612778545,0.0,0.0,0.0,0.0724582046097911,0.1570480179040745,0.4613761165330266,31.571346439381863,3.341,1,False,False,0.0,0.0,,False,,
2022-10-20,15.1,15.4,14.9,15.4,5.0,14.9,17.276,19.6652821909006,14.886717809099398,47.876074050612495,47.00889595961852,0.200000000000001,0.200000000000001,0.0,0.0852123841488121,0.1413432161136671,0.6028756560929321,37.61212878873359,3.799,2,False,False,0.0,0.0,,False,,
2022-10-21,15.4,15.5,15.1,15.1,4.833,,17.228,19.69410988384203,14.761890116157971,48.87358203121688,47.25468086963715,-0.3000000000000007,0.0,0.3000000000000007,0.0766911457339309,0.1572088945023005,0.4878295593689115,32.788000231413115,4.427,-1,False,False,0.0,0.0,,False,2.0,
2022-10-25,15.2,15.3,15.1,15.2,4.667,,17.186,19.71776070055952,14.65423929944048,49.9975307604378,47.45513776603299,0.0999999999999996,0.0999999999999996,0.0,0.0790220311605378,0.1414880050520704,0.5585069287778572,35.836024753244104,4.692,1,False,False,0.0,0.0,,False,,
2022-10-26,15.2,15.3,15.0,15.1,4.5,,17.137999999999998,19.735609576168777,14.54039042383122,51.01002564312389,47.606121404811695,-0.0999999999999996,0.0,0.0999999999999996,0.071119828044484,0.1373392045468633,0.5178406870721046,34.11693279029255,5.215,-1,False,False,0.0,0.0,,False,2.0,
2022-10-27,15.1,15.4,15.0,15.3,4.333,,17.086,19.7251124049032,14.4468875950968,51.98620178404415,47.51732583307615,0.200000000000001,0.200000000000001,0.0,0.0840078452400357,0.123605284092177,0.6796460673751455,40.46364770390332,5.191,1,False,False,0.0,0.0,,False,,
2022-10-28,15.3,15.4,15.2,15.2,4.333,,17.024,19.69219819965697,14.355801800343029,52.79639985370562,47.23838185027536,-0.1000000000000014,0.0,0.1000000000000014,0.0756070607160322,0.1212447556829594,0.6235903589408486,38.40810925655217,5.688,-1,False,False,0.0,0.0,,False,,
2022-10-31,15.3,15.4,15.2,15.3,3.833,,16.96,19.63719012002793,14.28280987997207,53.59748176307884,46.769382963358126,0.1000000000000014,0.1000000000000014,0.0,0.0780463546444291,0.1091202801146635,0.7152323524318124,41.698860881312925,5.418,1,False,False,0.0,0.0,,False,,
2022-11-01,15.3,15.7,15.3,15.6,3.833,,16.906,19.581790175111667,14.23020982488833,52.597921223617874,46.29582297473456,0.2999999999999989,0.2999999999999989,0.0,0.1002417191799861,0.0982082521031972,1.020705664068353,50.5123374580607,4.999,2,False,False,0.0,0.0,,False,,
2022-11-02,15.7,15.7,15.3,15.5,4.167,,16.843999999999998,19.50318815292425,14.184811847075744,53.46851426883553,45.62039579807808,-0.0999999999999996,0.0,0.0999999999999996,0.0902175472619875,0.0983874268928774,0.9169621577787052,47.83412933102665,5.672,-1,False,False,0.0,0.0,,False,,
2022-11-03,15.4,15.5,15.2,15.4,4.167,,16.79,19.454735695435897,14.1252643045641,52.45365416811588,45.20101112247488,-0.0999999999999996,0.0,0.0999999999999996,0.0811957925357887,0.0985486842035896,0.823915541764597,45.17289989028096,5.537,-2,False,False,0.0,0.0,,False,,
2022-11-04,15.4,15.7,15.4,15.6,4.0,,16.732,19.37093608741648,14.093063912583515,53.4039983607188,44.47335923488363,0.1999999999999993,0.1999999999999993,0.0,0.0930762132822098,0.0886938157832307,1.0494104065799783,51.20547857133296,4.509,1,False,False,0.0,0.0,,False,,
2022-11-07,15.7,15.7,15.4,15.6,4.167,15.7,16.678,19.296393338188327,14.059606661811674,52.4186496341449,17.596066618116744,0.0,0.0,0.0,0.0837685919539888,0.0798244342049076,1.049410406579978,51.20547857133296,3.485,1,False,False,0.0,0.0,,False,,
2022-11-08,15.6,15.6,15.4,15.5,4.167,,16.62,19.211036354000985,14.028963645999015,51.36159015707484,17.28963645999017,-0.0999999999999996,0.0,0.0999999999999996,0.0753917327585899,0.0818419907844168,0.9211864476413122,47.94883124291635,5.118,-1,False,False,0.0,0.0,,False,,
2022-11-09,15.5,15.5,15.0,15.2,4.333,,16.56,19.140618498874694,13.9793815011253,52.24253552978169,18.79381501125301,-0.3000000000000007,0.0,0.3000000000000007,0.0678525594827309,0.1036577917059752,0.6545823364170673,39.561786803220656,4.695,-2,False,False,0.0,0.0,,False,2.0,
2022-11-10,15.1,15.2,14.8,15.0,4.333,14.8,16.498,19.07655836957509,13.919441630424917,51.07392942781552,42.87951312356636,-0.1999999999999993,0.0,0.1999999999999993,0.0610673035344578,0.1132920125353776,0.53902567504826,35.0238260340496,5.342,-3,False,False,0.0,0.0,,False,2.0,
2022-11-11,15.2,15.9,15.1,15.8,5.167,15.9,16.448,18.980479627010663,13.915520372989334,50.1756179748543,20.15520372989334,0.8000000000000007,0.8000000000000007,0.0,0.1349605731810121,0.1019628112818398,1.3236254619143617,56.96380434839393,3.041,1,False,False,0.0,0.0,,False,,
2022-11-14,15.6,15.8,15.4,15.4,5.333,,16.387999999999998,18.87343183945386,13.902568160546137,49.08142093459224,20.025681605461347,-0.4000000000000003,0.0,0.4000000000000003,0.1214645158629109,0.1317665301536559,0.9218161525636932,47.96588640042363,2.337,-1,False,False,0.0,0.0,,False,,
2022-11-15,15.4,15.7,15.3,15.5,5.5,,16.334,18.775682257153363,13.892317742846636,50.091480754019415,21.923177428466357,0.0999999999999996,0.0999999999999996,0.0,0.1193180642766198,0.1185898771382903,1.006140381927206,50.15303968711569,2.203,1,False,False,0.0,0.0,,False,,
2022-11-16,15.5,15.5,15.2,15.3,5.667,,16.276,18.67414894603036,13.877851053969644,49.01818424739157,21.77851053969642,-0.1999999999999993,0.0,0.1999999999999993,0.1073862578489578,0.1267308894244612,0.8473566179219956,45.86860001482265,1.273,-1,False,False,0.0,0.0,,False,2.0,
2022-11-17,15.3,15.5,15.1,15.4,5.5,,16.22,18.564946803277984,13.875053196722012,47.98363420598408,21.75053196722012,0.0999999999999996,0.0999999999999996,0.0,0.106647632064062,0.1140578004820151,0.9350314631122356,48.32125373343358,-0.055,1,False,False,0.0,0.0,,False,,
2022-11-18,15.4,15.4,15.2,15.3,5.167,,16.156,18.420242000479245,13.891757999520754,46.80493785967892,21.917579995207536,-0.0999999999999996,0.0,0.0999999999999996,0.0959828688576558,0.1126520204338135,0.8520297149401651,46.00518598956131,0.466,-1,False,False,0.0,0.0,,False,,
2022-11-21,15.3,15.5,15.2,15.4,4.333,,16.098,18.28534393029247,13.91065606970753,43.72665565336323,20.10656069707529,0.0999999999999996,0.0999999999999996,0.0,0.0963845819718902,0.1013868183904322,0.9506618661286046,48.735348890340624,0.681,1,False,False,0.0,0.0,,False,,
2022-11-22,15.5,15.7,15.4,15.4,4.167,,16.04,18.14111729266849,13.938882707331508,42.64001598973844,20.38882707331508,0.0,0.0,0.0,0.0867461237747012,0.091248136551389,0.9506618661286046,48.735348890340624,0.681,1,False,False,0.0,0.0,,False,,
2022-11-23,15.4,15.5,15.3,15.5,3.833,,15.988,18.008159621900884,13.96784037809912,41.65621983199588,20.678403780991182,0.0999999999999996,0.0999999999999996,0.0,0.088071511397231,0.0821233228962501,1.0724299540155668,51.74746446496842,0.816,2,False,False,0.0,0.0,,False,,
2022-11-24,15.6,15.7,15.5,15.5,3.667,,15.93,17.83048328976958,14.02951671023042,38.55163047834176,19.295167102304195,0.0,0.0,0.0,0.0792643602575079,0.0739109906066251,1.0724299540155668,51.74746446496842,0.921,2,False,False,0.0,0.0,,False,,
2022-11-25,15.5,15.7,15.4,15.6,3.5,,15.878,17.663789712692598,14.092210287307404,37.5447521784992,19.92210287307404,0.0999999999999996,0.0999999999999996,0.0,0.0813379242317571,0.0665198915459625,1.2227609267155202,55.01090612215963,-1.2,3,False,False,0.0,0.0,,False,,
2022-11-28,15.6,15.9,15.5,15.7,3.833,,15.832,17.50991902215139,14.154080977848611,34.63933542551588,18.54080977848612,0.0999999999999996,0.0999999999999996,0.0,0.0832041318085813,0.0598679023913663,1.3897953408265795,58.15541260306747,-2.738,4,False,False,0.0,0.0,,False,,
2022-11-29,15.7,15.8,15.5,15.5,3.833,,15.786,17.36701491557316,14.204985084426836,31.71999999999997,17.049850844268367,-0.1999999999999993,0.0,0.1999999999999993,0.0748837186277232,0.0738811121522296,1.013570538481172,50.33697698247532,0.757,-1,False,False,0.0,0.0,,False,,
2022-11-30,15.4,15.5,15.0,15.0,4.167,15.0,15.726,17.187232356608455,14.264767643391544,30.51999999999997,22.87232356608453,-0.5,0.0,0.5,0.0673953467649509,0.1164930009370066,0.5785355877422611,36.65014537744605,4.99,-2,False,False,0.0,0.0,,False,2.0,
2022-12-01,15.3,15.6,15.1,15.5,4.667,,15.684,17.042486552854026,14.325513447145976,27.68000000000001,21.42486552854026,0.5,0.5,0.0,0.1106558120884558,0.104843700843306,1.0554359603714898,51.34852073818615,2.352,1,False,False,0.0,0.0,,False,2.0,
2022-12-02,15.5,15.6,15.4,15.5,4.667,,15.64,16.868239157725775,14.411760842274226,24.8,19.68239157725774,0.0,0.0,0.0,0.0995902308796102,0.0943593307589754,1.0554359603714898,51.34852073818615,0.454,1,False,False,0.0,0.0,,False,,
2022-12-06,15.5,16.1,15.3,16.0,5.5,,15.616,16.76410224958829,14.46789775041171,24.32000000000001,18.641022495882915,0.5,0.5,0.0,0.1396312077916492,0.0849233976830778,1.6442018525063395,62.18140460600095,-2.495,2,False,False,0.0,1.0,,False,,
2022-12-07,16.1,16.2,15.8,15.8,5.5,,15.583999999999998,16.612063366584845,14.55593663341515,21.679999999999943,17.559366334151505,-0.1999999999999993,0.0,0.1999999999999993,0.1256680870124843,0.09643105791477,1.3031910022552613,56.581976960625056,-2.484,-1,False,False,0.0,2.0,,False,,
2022-12-08,15.8,15.9,15.7,15.9,5.333,,15.56,16.49546888821372,14.624531111786284,19.200000000000028,16.24531111786283,0.0999999999999996,0.0999999999999996,0.0,0.1231012783112358,0.086787952123293,1.418414368579123,58.650593008694194,-3.127,1,False,False,0.0,3.0,,True,,
2022-12-09,0.0,0.0,0.0,15.9,4.333,0.0,15.543999999999999,16.42570521243364,14.662294787566356,18.879999999999992,15.257052124336425,0.0,0,0,0.11079115048011222,0.0781091569109637,1.4184143685791228,58.650593008694194,-3.127,1,False,False,0.0,4.0,s,False,,
