Date,Open,High,Low,Close,simple_swing,Change,gain,loss,avg-gain,avg-loss,rs,rsi,rsi_diff,lc,inv_harami_patt,double_patt,td_buy_setup,td_sell_setup,tdst,td_buy_perfected,td_buy_countdown,td_buy_recycle
2021-07-07,18.2,18.4,18.1,18.1,0.0,,0.0,0.0,,,,,,0,False,False,0,0,,False,,
2021-07-08,18.1,18.1,17.6,17.7,0.0,-0.40000000000000213,0.0,0.40000000000000213,,,,,,-1,False,True,0,0,,False,,
2021-07-09,17.6,17.8,17.5,17.7,0.0,0.0,0.0,0.0,,,,,,-1,False,False,0,0,,False,,
2021-07-12,17.8,17.9,17.7,17.8,0.0,0.10000000000000142,0.10000000000000142,0.0,,,,,,1,False,False,0,0,,False,,
2021-07-13,17.8,18.2,17.8,18.0,0.0,0.1999999999999993,0.1999999999999993,0.0,,,,,,2,False,False,0,0,,False,,
2021-07-14,18.0,18.2,17.9,18.0,3.333,0.0,0.0,0.0,,,,,,2,False,False,0,0,,False,,
2021-07-15,18.1,18.2,17.9,17.9,3.333,-0.10000000000000142,0.0,0.10000000000000142,,,,,,-1,False,False,0,0,,False,,
2021-07-16,17.9,18.0,17.8,17.8,2.833,-0.09999999999999787,0.0,0.09999999999999787,,,,,,-2,False,False,0,0,,False,,
2021-07-19,17.7,17.8,17.5,17.6,2.833,-0.1999999999999993,0.0,0.1999999999999993,,,,,,-3,False,False,1,0,r,False,,
2021-07-20,17.6,17.7,17.3,17.4,3.167,-0.20000000000000284,0.0,0.20000000000000284,0.030000000000000072,0.10000000000000035,0.29999999999999966,23.076923076923052,3.735,-4,False,False,2,0,,False,,
2021-07-21,17.5,17.6,17.3,17.4,3.0,0.0,0.0,0.0,0.030000000000000072,0.10000000000000035,0.29999999999999966,23.076923076923052,2.012,-4,False,False,3,0,,False,,
2021-07-22,17.4,17.5,17.3,17.4,2.833,0.0,0.0,0.0,0.027000000000000066,0.09000000000000032,0.29999999999999966,23.076923076923052,0.862,-4,False,False,4,0,,False,,
2021-07-23,17.4,17.7,17.4,17.5,2.833,0.10000000000000142,0.10000000000000142,0.0,0.034300000000000205,0.08100000000000028,0.4234567901234579,29.748482220294935,-0.041,1,False,False,5,0,,False,,
2021-07-27,17.6,17.6,17.2,17.2,3.167,-0.3000000000000007,0.0,0.3000000000000007,0.030870000000000185,0.10290000000000032,0.3000000000000009,23.07692307692313,3.059,-1,False,False,6,0,,False,,
2021-07-29,17.2,17.3,16.9,16.9,3.333,-0.3000000000000007,0.0,0.3000000000000007,0.02778300000000017,0.12261000000000036,0.22659652556887763,18.473599170174182,3.171,-2,False,False,7,0,,False,,
2021-07-30,16.9,16.9,16.5,16.5,3.333,-0.3999999999999986,0.0,0.3999999999999986,0.025004700000000154,0.15034900000000018,0.16631104962454107,14.259579353044794,3.293,-3,False,False,8,0,,False,,
2021-08-02,16.5,16.5,15.8,16.0,4.0,-0.5,0.0,0.5,0.02250423000000014,0.18531410000000015,0.12143830393909649,10.828799365291841,4.137,-4,False,True,9,0,,True,,
2021-08-03,16.3,17.2,16.3,17.1,5.167,1.1000000000000014,1.1000000000000014,0.0,0.13025380700000028,0.16678269000000015,0.7809791711597898,43.85111200661651,-3.447,1,False,False,0,0,,False,,
2021-08-04,17.1,17.9,16.9,17.7,6.333,0.5999999999999979,0.5999999999999979,0.0,0.17722842630000005,0.15010442100000013,1.180700908869299,54.143184150892864,-4.586,2,False,False,0,0,,False,,
2021-08-05,17.6,17.7,17.1,17.1,6.667,-0.5999999999999979,0.0,0.5999999999999979,0.15950558367000003,0.1950939788999999,0.8175833235312631,44.981889575374964,-0.623,-1,False,False,0,0,,False,,
2021-08-06,17.3,17.3,16.6,16.8,7.167,-0.3000000000000007,0.0,0.3000000000000007,0.14355502530300004,0.20558458101000002,0.6982771985999148,41.1167976096944,0.842,-2,False,False,0,0,,False,,
2021-08-09,16.9,17.3,16.8,17.2,7.333,0.3999999999999986,0.3999999999999986,0.0,0.16919952277269992,0.18502612290900003,0.9144628883345084,47.76602847235382,-2.445,1,False,False,0,0,,False,,
2021-08-10,17.3,17.5,17.1,17.1,6.833,-0.09999999999999787,0.0,0.09999999999999787,0.15227957049542992,0.17652351061809982,0.8626588603536188,46.313303993295165,-2.563,-1,False,False,0,0,,False,,
2021-08-11,17.2,17.8,17.0,17.2,6.667,0.09999999999999787,0.09999999999999787,0.0,0.14705161344588671,0.15887115955628983,0.9256029467940321,48.06821407991111,-0.556,1,False,False,0,0,,False,,
2021-08-13,17.2,17.4,17.1,17.1,5.5,-0.09999999999999787,0.0,0.09999999999999787,0.13234645210129806,0.15298404360066065,0.8650997122730422,46.383563655088665,-0.025,-1,False,False,0,0,,False,,
2021-08-16,17.1,17.2,16.8,17.0,5.167,-0.10000000000000142,0.0,0.10000000000000142,0.11911180689116825,0.14768563924059475,0.8065226077744982,44.64503263361173,-0.506,-2,False,False,0,0,,False,,
2021-08-17,17.1,17.3,17.1,17.1,4.333,0.10000000000000142,0.10000000000000142,0.0,0.11720062620205157,0.13291707531653527,0.8817574861841057,46.85818936063673,-1.012,1,False,False,0,0,,False,,
2021-08-18,17.2,17.7,17.2,17.5,4.333,0.3999999999999986,0.3999999999999986,0.0,0.14548056358184627,0.11962536778488174,1.216134723560132,54.876389536754345,-1.955,2,False,False,0,0,,False,,
2021-08-19,17.4,17.5,17.1,17.1,4.333,-0.3999999999999986,0.0,0.3999999999999986,0.13093250722366165,0.14766283100639344,0.8866991532756987,46.997379085913416,1.264,-1,False,False,0,0,,False,,
2021-08-20,17.1,17.4,17.1,17.3,3.5,0.1999999999999993,0.1999999999999993,0.0,0.13783925650129542,0.1328965479057541,1.0371921518913083,50.9128287642572,1.304,1,False,False,0,0,,False,,
2021-08-23,17.5,18.1,17.4,18.0,4.167,0.6999999999999993,0.6999999999999993,0.0,0.19405533085116583,0.11960689311517868,1.6224427020631247,61.86761300015129,-2.226,2,False,False,0,0,,False,,
2021-08-24,18.2,18.3,17.8,17.9,4.333,-0.10000000000000142,0.0,0.10000000000000142,0.17464979776604925,0.11764620380366096,1.484534070113484,59.7510047445506,-0.897,-1,False,False,0,0,,False,,
2021-08-25,18.0,18.3,17.9,18.1,4.667,0.20000000000000284,0.20000000000000284,0.0,0.17718481798944463,0.10588158342329487,1.6734243317942525,62.59478945757719,1.184,1,False,False,0,0,,False,,
2021-08-26,18.3,18.4,18.1,18.3,4.333,0.1999999999999993,0.1999999999999993,0.0,0.17946633619050012,0.09529342508096539,1.8833024003284362,65.3175469945126,0.887,2,False,False,0,0,,False,,
2021-08-27,18.2,18.4,18.1,18.3,4.167,0.0,0.0,0.0,0.16151970257145012,0.08576408257286885,1.8833024003284362,65.3175469945126,1.662,2,False,False,0,0,,False,,
2021-08-30,18.4,18.6,18.4,18.5,4.0,0.1999999999999993,0.1999999999999993,0.0,0.16536773231430504,0.07718767431558198,2.142411126913848,68.17730209025524,0.962,3,False,False,0,0,,False,,
2021-08-31,18.4,18.7,18.4,18.6,3.333,0.10000000000000142,0.10000000000000142,0.0,0.1588309590828747,0.06946890688402378,2.2863604194613014,69.57120119637031,1.28,4,False,False,0,0,,False,,
2021-09-01,18.6,18.7,18.2,18.2,3.333,-0.40000000000000213,0.0,0.40000000000000213,0.14294786317458724,0.10252201619562162,1.3943138115995428,58.23438034081501,4.555,-1,False,False,0,0,,False,,
2021-09-02,18.2,18.5,18.2,18.3,3.167,0.10000000000000142,0.10000000000000142,0.0,0.13865307685712866,0.09226981457605947,1.5026916169083089,60.04301955366973,4.443,1,False,False,0,0,,False,,
2021-09-03,18.4,18.6,18.3,18.4,3.167,0.09999999999999787,0.09999999999999787,0.0,0.13478776917141558,0.08304283311845352,1.6231114005847118,61.87733392576875,3.003,2,False,False,0,0,,False,,
2021-09-06,18.5,18.9,18.4,18.9,3.5,0.5,0.5,0.0,0.17130899225427404,0.07473854980660817,2.292110198786964,69.62434609970019,2.136,3,False,False,0,0,,False,,
2021-09-07,19.0,19.0,18.5,18.6,4.0,-0.29999999999999716,0.0,0.29999999999999716,0.15417809302884664,0.09726469482594707,1.5851393283528497,61.317365411126175,3.895,-1,False,False,0,0,,False,,
2021-09-08,18.5,18.6,18.3,18.5,4.0,-0.10000000000000142,0.0,0.10000000000000142,0.13876028372596197,0.09753822534335252,1.4226246503614375,58.72245418410947,3.706,-2,False,False,0,0,,False,,
2021-09-09,18.5,18.6,18.3,18.5,3.667,0.0,0.0,0.0,0.12488425535336578,0.08778440280901727,1.4226246503614375,58.72245418410947,1.945,-2,False,False,0,0,,False,,
2021-09-10,18.5,18.6,18.0,18.3,4.167,-0.1999999999999993,0.0,0.1999999999999993,0.1123958298180292,0.09900596252811547,1.1352430393887774,53.16692378558208,3.136,-3,False,False,0,0,,False,,
2021-09-13,18.3,18.5,18.2,18.4,4.167,0.09999999999999787,0.09999999999999787,0.0,0.11115624683622607,0.08910536627530392,1.2474697258164313,55.50551856102386,0.598,1,False,False,0,0,,False,,
2021-09-14,18.5,18.7,18.4,18.5,3.833,0.10000000000000142,0.10000000000000142,0.0,0.11004062215260361,0.08019482964777354,1.3721660440693846,57.844434941639754,0.653,2,False,False,0,0,,False,,
2021-09-15,18.6,18.9,18.5,18.8,3.667,0.3000000000000007,0.3000000000000007,0.0,0.12903655993734334,0.07217534668299619,1.7878204382458907,64.12968402551765,-1.229,3,False,False,0,0,,False,,
2021-09-16,18.9,19.0,18.7,18.9,3.667,0.09999999999999787,0.09999999999999787,0.0,0.1261329039436088,0.06495781201469657,1.9417665101631116,66.00681948940424,-2.836,4,False,False,0,0,,False,,
2021-09-17,19.0,19.0,18.5,18.9,4.0,0.0,0.0,0.0,0.11351961354924792,0.058462030813226915,1.9417665101631114,66.00681948940424,-2.516,4,False,False,0,0,,False,,
2021-09-20,18.7,18.8,18.3,18.4,3.833,-0.5,0.0,0.5,0.10216765219432312,0.10261582773190422,0.9956324911323425,49.89057331730504,1.303,-1,False,False,0,0,,False,,
2021-09-21,18.4,18.6,18.2,18.5,4.0,0.10000000000000142,0.10000000000000142,0.0,0.10195088697489096,0.0923542449587138,1.1039112172966956,52.469477239401066,-0.027,1,False,False,0,0,,False,,
2021-09-22,18.6,19.2,18.5,19.2,4.667,0.6999999999999993,0.6999999999999993,0.0,0.1617557982774018,0.08311882046284243,1.946079087463872,66.0565799385634,-5.458,2,False,False,0,0,,False,,
2021-09-23,19.3,19.3,18.7,18.9,5.0,-0.3000000000000007,0.0,0.3000000000000007,0.14558021844966162,0.10480693841655825,1.3890322592102518,58.1420470090022,-2.36,-1,False,False,0,0,,False,,
2021-09-27,18.9,19.0,18.5,18.6,5.333,-0.29999999999999716,0.0,0.29999999999999716,0.13102219660469547,0.12432624457490214,1.0538579127254122,51.311140181404866,-0.576,-2,False,False,0,0,,False,,
2021-09-28,18.6,18.7,18.5,18.7,4.833,0.09999999999999787,0.09999999999999787,0.0,0.12791997694422572,0.11189362011741193,1.1432285130286879,53.341419549012194,0.736,1,False,False,0,0,,False,,
2021-09-29,18.6,18.7,18.5,18.5,4.333,-0.1999999999999993,0.0,0.1999999999999993,0.11512797924980314,0.12070425810567068,0.9538021363671713,48.817744571650245,0.361,-1,False,False,0,0,,False,,
2021-09-30,18.6,18.6,18.3,18.4,4.167,-0.10000000000000142,0.0,0.10000000000000142,0.10361518132482284,0.11863383229510376,0.8734033059564176,46.621210882860275,0.382,-2,False,False,0,0,,False,,
2021-10-01,18.4,18.5,18.2,18.4,3.5,0.0,0.0,0.0,0.09325366319234056,0.10677044906559338,0.8734033059564176,46.621210882860275,0.286,-2,False,False,0,0,,False,,
2021-10-04,18.4,18.6,18.4,18.4,2.833,0.0,0.0,0.0,0.0839282968731065,0.09609340415903404,0.8734033059564176,46.621210882860275,-1.099,-2,False,False,0,0,,False,,
2021-10-05,18.4,18.6,18.3,18.5,2.5,0.10000000000000142,0.10000000000000142,0.0,0.08553546718579601,0.08648406374313064,0.9890315450468182,49.72427649575252,-1.522,1,False,False,0,0,,False,,
2021-10-06,18.5,18.6,18.3,18.4,2.667,-0.10000000000000142,0.0,0.10000000000000142,0.07698192046721641,0.08783565736881772,0.8764313124449336,46.7073484988358,0.523,-1,False,False,0,0,,False,,
2021-10-07,18.5,18.5,18.2,18.3,2.833,-0.09999999999999787,0.0,0.09999999999999787,0.06928372842049478,0.08905209163193574,0.7780134879577421,43.757457028708046,2.505,-2,False,False,0,0,,False,,
2021-10-08,18.3,18.7,18.3,18.5,3.0,0.1999999999999993,0.1999999999999993,0.0,0.08235535557844524,0.08014688246874217,1.0275553214507676,50.67952082883369,0.228,1,False,False,0,0,,False,,
2021-10-11,18.6,18.7,18.5,18.5,2.833,0.0,0.0,0.0,0.07411982002060072,0.07213219422186795,1.0275553214507676,50.67952082883369,1.689,1,False,False,0,0,,False,,
2021-10-12,18.6,18.7,18.3,18.4,3.167,-0.10000000000000142,0.0,0.10000000000000142,0.06670783801854065,0.0749189747996813,0.8903997711781877,47.10113621222287,2.937,-1,False,False,0,0,,False,,
2021-10-14,18.5,18.5,18.3,18.3,3.0,-0.09999999999999787,0.0,0.09999999999999787,0.060037054216686585,0.07742707731971296,0.7754012716866575,43.67470520903789,2.856,-2,False,False,0,0,,False,,
2021-10-15,18.4,18.7,18.3,18.6,3.167,0.3000000000000007,0.3000000000000007,0.0,0.084033348795018,0.06968436958774167,1.2059138841632069,54.66731465905158,1.688,1,False,False,0,0,,False,,
2021-10-18,18.7,19.0,18.7,18.9,3.167,0.29999999999999716,0.29999999999999716,0.0,0.10563001391551592,0.0627159326289675,1.6842612313593672,62.74580177527734,-0.488,2,False,False,0,0,,False,,
2021-10-19,19.0,19.3,18.8,19.0,3.333,0.10000000000000142,0.10000000000000142,0.0,0.10506701252396448,0.05644433936607075,1.8614269155060976,65.05240114360457,-1.056,3,False,False,0,0,,False,,
2021-10-20,19.1,19.1,18.9,19.0,3.333,0.0,0.0,0.0,0.09456031127156804,0.05079990542946368,1.8614269155060976,65.05240114360457,-0.373,3,False,False,0,0,,False,,
2021-10-21,19.0,19.5,19.0,19.3,3.5,0.3000000000000007,0.3000000000000007,0.0,0.1151042801444113,0.04571991488651731,2.517596116049535,71.57149465120918,-3.98,4,False,False,0,0,,False,,
2021-10-25,19.4,19.4,19.1,19.3,3.667,0.0,0.0,0.0,0.10359385212997017,0.041147923397865584,2.517596116049535,71.57149465120918,-3.063,4,False,False,0,0,,False,,
2021-10-26,19.4,19.4,19.1,19.2,3.5,-0.10000000000000142,0.0,0.10000000000000142,0.09323446691697315,0.047033131058079165,1.9823146964602882,66.46899801731519,-1.501,-1,False,False,0,0,,False,,
2021-10-27,19.1,19.1,18.8,18.8,3.5,-0.3999999999999986,0.0,0.3999999999999986,0.08391102022527584,0.08232981795227111,1.0192057059317368,50.47557576415609,0.261,-2,False,False,0,0,,False,,
2021-10-28,18.9,19.2,18.9,19.0,3.167,0.1999999999999993,0.1999999999999993,0.0,0.09551991820274819,0.074096836157044,1.2891227636264952,56.31514325532412,-0.665,1,False,False,0,0,,False,,
2021-10-29,19.0,19.2,19.0,19.0,3.167,0.0,0.0,0.0,0.08596792638247337,0.0666871525413396,1.2891227636264955,56.31514325532412,-2.203,1,False,False,0,0,,False,,
2021-11-01,19.1,19.1,18.7,18.8,3.0,-0.1999999999999993,0.0,0.1999999999999993,0.07737113374422604,0.08001843728720558,0.966916330376739,49.15899651875573,-0.998,-1,False,False,0,0,,False,,
2021-11-02,18.8,18.9,18.6,18.8,3.0,0.0,0.0,0.0,0.06963402036980343,0.07201659355848503,0.9669163303767389,49.158996518755714,-1.265,-1,False,False,0,0,,False,,
2021-11-03,18.9,18.9,18.5,18.6,3.167,-0.1999999999999993,0.0,0.1999999999999993,0.06267061833282309,0.08481493420263646,0.7389101804063533,42.49271691730983,-0.922,-2,False,False,0,0,,False,,
2021-11-04,18.6,18.9,18.5,18.9,3.333,0.29999999999999716,0.29999999999999716,0.0,0.0864035564995405,0.07633344078237281,1.1319227276270392,53.09398473775542,-1.684,1,False,False,0,0,,False,,
2021-11-05,18.9,19.0,18.8,18.9,3.167,0.0,0.0,0.0,0.07776320084958645,0.06870009670413553,1.1319227276270392,53.09398473775542,-2.581,1,False,False,0,0,,False,,
2021-11-08,18.8,19.0,18.5,18.6,3.667,-0.29999999999999716,0.0,0.29999999999999716,0.0699868807646278,0.0918300870337217,0.7621345359166145,43.25064405597004,1.593,-1,False,False,0,0,,False,,
2021-11-09,18.6,18.7,18.5,18.6,3.333,0.0,0.0,0.0,0.06298819268816502,0.08264707833034952,0.7621345359166145,43.25064405597004,1.567,-1,False,False,0,0,,False,,
2021-11-10,18.5,18.6,18.3,18.4,3.333,-0.20000000000000284,0.0,0.20000000000000284,0.05668937341934852,0.09438237049731485,0.6006351940584214,37.524802421437876,2.876,-2,False,False,0,0,,False,,
2021-11-11,18.4,19.3,18.4,19.1,4.167,0.7000000000000028,0.7000000000000028,0.0,0.12102043607741395,0.08494413344758336,1.4247062294430521,58.757890425773475,-0.979,1,False,False,0,1,s,False,,
2021-11-12,19.3,20.4,19.3,20.3,5.333,1.1999999999999993,1.1999999999999993,0.0,0.2289183924696725,0.07644972010282503,2.99436534446139,74.96473372455512,-4.497,2,False,False,0,2,,False,,
2021-11-15,20.3,20.8,20.3,20.6,5.833,0.3000000000000007,0.3000000000000007,0.0,0.23602655322270533,0.06880474809254253,3.430381765299818,77.42858171202484,-4.614,3,False,False,0,3,,False,,
2021-11-16,20.6,20.7,20.0,20.5,6.167,-0.10000000000000142,0.0,0.10000000000000142,0.2124238979004348,0.07192427328328842,2.9534382233347003,74.70556150093307,-4.089,-1,False,False,0,4,,False,,
2021-11-17,20.6,21.2,20.4,20.5,7.167,0.0,0.0,0.0,0.19118150811039133,0.06473184595495958,2.9534382233347003,74.70556150093307,-2.693,-1,False,False,0,5,,False,,
2021-11-18,20.4,21.1,20.4,21.0,7.833,0.5,0.5,0.0,0.22206335729935223,0.05825866135946362,3.811679707660841,79.21723679138772,-2.656,1,False,False,0,6,,False,,
2021-11-19,21.0,21.0,20.6,20.7,7.0,-0.3000000000000007,0.0,0.3000000000000007,0.199857021569417,0.08243279522351733,2.4244843454295433,70.79852324818945,-0.992,-1,False,False,0,7,,False,,
2021-11-22,20.8,21.1,20.6,21.0,6.0,0.3000000000000007,0.3000000000000007,0.0,0.2098713194124754,0.0741895157011656,2.8288541504683,73.88252566691025,-0.815,1,False,False,0,8,,False,,
2021-11-23,21.0,21.5,20.8,21.2,6.333,0.1999999999999993,0.1999999999999993,0.0,0.20888418747122778,0.06677056413104904,3.128387339385895,75.77746665242047,-3.436,2,False,False,0,9,,False,,
2021-11-24,21.3,21.5,21.1,21.3,5.833,0.10000000000000142,0.10000000000000142,0.0,0.19799576872410515,0.06009350771794413,3.29479466656234,76.71599977094074,-2.412,3,False,False,0,0,,False,,
2021-11-25,21.3,21.3,20.6,20.8,5.667,-0.5,0.0,0.5,0.17819619185169464,0.10408415694614973,1.7120395368517847,63.127381204743436,-0.537,-1,False,False,0,0,,False,,
2021-11-26,20.7,20.8,20.2,20.3,5.5,-0.5,0.0,0.5,0.16037657266652516,0.14367574125153476,1.1162397442290002,52.74637466161353,2.056,-2,False,False,0,0,,False,,
2021-11-29,20.3,20.5,20.0,20.2,5.667,-0.10000000000000142,0.0,0.10000000000000142,0.14433891539987265,0.13930816712638144,1.0361123714227556,50.886797112222304,2.088,-3,False,False,0,0,,False,,
2021-11-30,20.3,20.6,19.6,19.6,6.5,-0.5999999999999979,0.0,0.5999999999999979,0.1299050238598854,0.1853773504137431,0.7007599556793255,41.202754882562175,-2.362,-4,False,False,0,0,,False,,
2021-12-01,19.7,20.5,19.6,20.5,6.833,0.8999999999999986,0.8999999999999986,0.0,0.20691452147389672,0.1668396153723688,1.2402001827448768,55.3611321120991,-6.556,1,False,False,0,0,,False,,
2021-12-02,20.2,20.4,19.8,20.3,7.167,-0.1999999999999993,0.0,0.1999999999999993,0.18622306932650706,0.17015565383513187,1.094427749705827,52.25426133031061,-6.868,-1,False,False,0,0,,False,,
2021-12-03,20.4,20.4,20.0,20.0,6.667,-0.3000000000000007,0.0,0.3000000000000007,0.16760076239385635,0.18314008845161878,0.9151506030758113,47.784785259500815,-3.007,-2,False,False,0,0,,False,,
2021-12-07,20.3,20.5,20.0,20.4,6.5,0.3999999999999986,0.3999999999999986,0.0,0.19084068615447058,0.1648260796064569,1.1578306455515222,53.657160164003095,-4.201,1,False,False,0,0,,False,,
2021-12-08,20.4,20.7,20.0,20.4,6.833,0.0,0.0,0.0,0.17175661753902352,0.14834347164581121,1.1578306455515222,53.657160164003095,-4.601,1,False,False,0,0,,False,,
2021-12-09,20.5,21.0,20.4,20.6,6.167,0.20000000000000284,0.20000000000000284,0.0,0.17458095578512148,0.1335091244812301,1.3076331409069022,56.665555617432375,-2.386,2,False,False,0,0,,False,,
2021-12-13,20.7,21.0,20.7,20.9,5.167,0.29999999999999716,0.29999999999999716,0.0,0.18712286020660907,0.12015821203310709,1.557303966499196,60.896318423619256,-2.203,3,False,False,0,0,,False,,
2021-12-14,21.0,21.2,20.5,20.8,5.333,-0.09999999999999787,0.0,0.09999999999999787,0.16841057418594815,0.11814239082979616,1.4254881165268756,58.77118534672815,-2.055,-1,False,False,0,0,,False,,
2021-12-15,20.8,21.0,20.6,20.7,5.333,-0.10000000000000142,0.0,0.10000000000000142,0.15156951676735334,0.1163281517468167,1.302947863361897,56.57739300532073,-0.863,-2,False,False,0,0,,False,,
2021-12-16,20.8,21.2,20.8,21.0,5.167,0.3000000000000007,0.3000000000000007,0.0,0.16641256509061808,0.10469533657213503,1.5894935776433547,61.38241049780553,-1.234,1,False,False,0,0,,False,,
2021-12-17,21.0,21.1,20.8,21.0,4.5,0.0,0.0,0.0,0.14977130858155627,0.09422580291492154,1.5894935776433545,61.38241049780553,-2.464,1,False,False,0,0,,False,,
2021-12-20,20.8,20.8,20.3,20.4,4.333,-0.6000000000000014,0.0,0.6000000000000014,0.13479417772340063,0.14480322262342954,0.930878300091027,48.210096930870414,2.54,-1,False,False,0,0,,False,,
2021-12-21,20.5,21.3,20.5,21.3,5.167,0.9000000000000021,0.9000000000000021,0.0,0.2113147599510608,0.1303229003610866,1.6214706652903632,61.85347357723583,-0.732,1,False,False,0,0,,False,,
2021-12-22,21.5,21.6,21.3,21.3,4.5,0.0,0.0,0.0,0.19018328395595474,0.11729061032497794,1.6214706652903634,61.85347357723584,-3.396,1,False,False,0,0,,False,,
2021-12-23,21.4,21.4,21.1,21.2,4.333,-0.10000000000000142,0.0,0.10000000000000142,0.17116495556035927,0.11556154929248029,1.4811583663277967,59.6962445617675,-2.393,-1,False,False,0,0,,False,,
2021-12-24,21.2,21.2,20.8,20.9,4.333,-0.3000000000000007,0.0,0.3000000000000007,0.15404846000432335,0.13400539436323233,1.1495690956049327,53.47904833370431,-0.719,-2,False,False,0,0,,False,,
2021-12-27,20.9,21.3,20.8,21.1,4.667,0.20000000000000284,0.20000000000000284,0.0,0.15864361400389132,0.1206048549269091,1.3153998991171216,56.810916318113904,-0.007,1,False,False,0,0,,False,,
2021-12-28,21.1,21.3,20.9,21.1,4.5,0.0,0.0,0.0,0.1427792526035022,0.10854436943421819,1.3153998991171216,56.810916318113904,-0.156,1,False,False,0,0,,False,,
2021-12-29,21.1,21.7,20.9,21.7,4.5,0.5999999999999979,0.5999999999999979,0.0,0.18850132734315178,0.09768993249079637,1.9295880602733655,65.86550807055487,-1.859,2,False,False,0,0,,False,,
2021-12-30,21.8,21.9,21.5,21.6,4.667,-0.09999999999999787,0.0,0.09999999999999787,0.1696511946088366,0.09792093924171652,1.7325323462232618,63.40390987934184,-0.482,-1,False,False,0,0,,False,,
2022-01-04,21.6,21.8,21.2,21.5,5.167,-0.10000000000000142,0.0,0.10000000000000142,0.15268607514795293,0.09812884531754502,1.5559754591410984,60.87599368672982,0.849,-2,False,False,0,0,,False,,
2022-01-05,21.5,21.8,21.5,21.7,5.0,0.1999999999999993,0.1999999999999993,0.0,0.1574174676331576,0.08831596078579053,1.7824350913757487,64.06025775409698,0.411,1,False,False,0,0,,False,,
2022-01-06,21.5,21.6,21.2,21.2,4.833,-0.5,0.0,0.5,0.14167572086984184,0.12948436470721147,1.0941531140859926,52.247999763070965,3.711,-1,False,False,0,0,,False,,
2022-01-07,21.2,21.3,20.7,21.0,5.167,-0.1999999999999993,0.0,0.1999999999999993,0.12750814878285766,0.13653592823649024,0.9338798251109715,48.290478704248486,4.875,-2,False,False,0,0,,False,,
2022-01-10,21.0,21.0,20.4,20.6,4.833,-0.3999999999999986,0.0,0.3999999999999986,0.11475733390457189,0.16288233541284108,0.7045413096129074,41.333190673619114,2.522,-3,False,False,0,0,,False,,
2022-01-11,20.5,20.8,20.4,20.5,4.833,-0.10000000000000142,0.0,0.10000000000000142,0.10328160051411471,0.15659410187155712,0.6595497485520188,39.742692204767316,3.197,-4,False,False,0,0,,False,,
2022-01-12,20.6,20.9,20.6,20.9,4.333,0.3999999999999986,0.3999999999999986,0.0,0.1329534404627031,0.1409346916844014,0.9433691511556934,48.542972424703024,1.331,1,False,False,0,0,,False,,
2022-01-13,20.9,20.9,20.6,20.7,4.333,-0.1999999999999993,0.0,0.1999999999999993,0.1196580964164328,0.14684122251596118,0.814880824105277,44.89996330789418,2.895,-1,False,False,0,0,,False,,
2022-01-14,20.7,20.7,20.5,20.6,4.0,-0.09999999999999787,0.0,0.09999999999999787,0.10769228677478952,0.14215710026436484,0.7575582688062555,43.10288212070452,4.181,-2,False,False,0,0,,False,,
2022-01-17,20.5,20.6,20.2,20.4,3.667,-0.20000000000000284,0.0,0.20000000000000284,0.09692305809731057,0.14794139023792865,0.6551449728938792,39.58233167626485,4.784,-3,False,False,0,0,,False,,
2022-01-18,20.4,20.5,19.9,20.2,3.667,-0.1999999999999993,0.0,0.1999999999999993,0.08723075228757951,0.15314725121413572,0.5695874499608908,36.28899109604139,4.426,-4,False,False,0,0,,False,,
2022-01-19,20.2,20.3,19.8,20.1,3.833,-0.09999999999999787,0.0,0.09999999999999787,0.07850767705882156,0.14783252609272193,0.5310582125180003,34.68569700198495,5.104,-5,False,False,0,0,,False,,
2022-01-20,20.0,20.1,19.7,19.8,4.0,-0.3000000000000007,0.0,0.3000000000000007,0.0706569093529394,0.16304927348344983,0.43334697446604303,30.23322211479711,3.973,-6,False,False,0,0,,False,,
2022-01-21,19.9,20.3,19.8,20.2,4.333,0.3999999999999986,0.3999999999999986,0.0,0.10359121841764532,0.14674434613510484,0.7059298783632234,41.380943455925454,1.714,1,False,False,0,0,,False,,
2022-01-24,20.1,20.2,19.8,19.9,4.667,-0.3000000000000007,0.0,0.3000000000000007,0.09323209657588079,0.16206991152159445,0.5752585146778364,36.51835615029101,2.753,-1,False,False,0,0,,False,,
2022-01-25,19.8,19.9,19.5,19.8,4.667,-0.09999999999999787,0.0,0.09999999999999787,0.08390888691829271,0.1558629203694348,0.5383505372503433,34.995309860429735,2.371,-2,False,False,0,0,,False,,
2022-01-26,19.9,20.2,19.8,20.1,4.333,0.3000000000000007,0.3000000000000007,0.0,0.1055179982264635,0.14027662833249133,0.7522136757975033,42.92933482870692,-0.074,1,False,False,0,0,,False,,
2022-01-27,20.0,20.0,19.5,20.0,4.333,-0.10000000000000142,0.0,0.10000000000000142,0.09496619840381715,0.13624896549924234,0.6970049134380051,41.072651464863775,0.301,-1,False,False,0,0,,False,,
2022-01-28,20.2,20.8,20.1,20.4,4.833,0.3999999999999986,0.3999999999999986,0.0,0.1254695785634353,0.12262406894931811,1.023205147557885,50.573474904062365,-0.021,1,False,False,0,0,,False,,
2022-01-31,20.6,20.6,20.4,20.4,4.333,0.0,0.0,0.0,0.11292262070709178,0.1103616620543863,1.023205147557885,50.573474904062365,-1.042,1,False,False,0,0,,False,,
2022-02-01,20.5,20.9,20.5,20.8,4.333,0.40000000000000213,0.40000000000000213,0.0,0.14163035863638282,0.09932549584894768,1.4259214859774934,58.77855051038212,-2.032,2,False,False,0,0,,False,,
2022-02-02,20.8,21.4,20.8,21.4,4.667,0.5999999999999979,0.5999999999999979,0.0,0.1874673227727443,0.0893929462640529,2.097115383343501,67.71189070390892,-2.771,3,False,False,0,0,,False,,
2022-02-03,21.3,21.5,21.1,21.2,4.667,-0.1999999999999993,0.0,0.1999999999999993,0.1687205904954699,0.10045365163764755,1.6795864335929982,62.680808222367276,-0.314,-1,False,False,0,0,,False,,
2022-02-04,21.3,21.4,21.0,21.2,4.5,0.0,0.0,0.0,0.15184853144592292,0.0904082864738828,1.6795864335929984,62.680808222367276,0.112,-1,False,False,0,0,,False,,
2022-02-07,21.3,21.5,21.0,21.4,4.167,0.1999999999999993,0.1999999999999993,0.0,0.15666367830133057,0.08136745782649452,1.9253849448681981,65.81646453899234,-0.644,1,False,False,0,0,,False,,
2022-02-08,21.4,21.5,21.2,21.2,4.333,-0.1999999999999993,0.0,0.1999999999999993,0.1409973104711975,0.093230712043845,1.5123483172035477,60.196601993744125,1.082,-1,False,False,0,0,,False,,
2022-02-09,21.3,21.8,21.3,21.8,4.5,0.6000000000000014,0.6000000000000014,0.0,0.1868975794240779,0.0839076408394605,2.2274202629730326,69.01550097232084,-0.035,1,False,False,0,0,,False,,
2022-02-10,21.8,22.0,21.4,21.6,4.5,-0.1999999999999993,0.0,0.1999999999999993,0.1682078214816701,0.09551687675551439,1.7610272361837784,63.781595962009604,1.766,-1,False,False,0,0,,False,,
2022-02-11,21.6,21.7,21.3,21.4,4.5,-0.20000000000000284,0.0,0.20000000000000284,0.1513870393335031,0.10596518907996323,1.428648791625934,58.8248410619092,4.579,-2,False,False,0,0,,False,,
2022-02-14,21.3,21.5,21.0,21.2,4.667,-0.1999999999999993,0.0,0.1999999999999993,0.13624833540015277,0.11536867017196685,1.180982108895448,54.14909659637479,5.181,-3,False,False,0,0,,False,,
2022-02-15,21.3,21.7,21.2,21.6,4.667,0.40000000000000213,0.40000000000000213,0.0,0.16262350186013771,0.10383180315477017,1.566220530888147,61.03218768755199,2.826,1,False,False,0,0,,False,,
2022-02-17,21.6,21.8,21.6,21.7,4.5,0.09999999999999787,0.09999999999999787,0.0,0.15636115167412373,0.09344862283929316,1.6732312036638939,62.592087110556925,-0.055,2,False,False,0,0,,False,,
2022-02-18,21.7,21.8,21.5,21.7,4.167,0.0,0.0,0.0,0.14072503650671137,0.08410376055536384,1.673231203663894,62.592087110556925,1.341,2,False,False,0,0,,False,,
2022-02-21,21.7,21.7,21.4,21.4,3.667,-0.3000000000000007,0.0,0.3000000000000007,0.12665253285604022,0.10569338449982753,1.1983014211854186,54.510332825024655,3.696,-1,False,False,0,0,,False,,
2022-02-22,21.2,21.4,20.7,21.3,4.167,-0.09999999999999787,0.0,0.09999999999999787,0.11398727957043621,0.10512404604984456,1.0843121422132969,52.022541166117456,4.163,-2,False,False,0,0,,False,,
2022-02-23,21.3,21.4,21.1,21.3,3.833,0.0,0.0,0.0,0.10258855161339259,0.0946116414448601,1.0843121422132966,52.022541166117456,0.188,-2,False,False,0,0,,False,,
2022-02-24,21.3,21.3,20.5,20.6,4.333,-0.6999999999999993,0.0,0.6999999999999993,0.09232969645205333,0.155150477300374,0.5950977274359358,37.30791644926577,2.601,-3,False,False,0,0,,False,,
2022-02-25,20.9,21.1,20.7,21.0,4.667,0.3999999999999986,0.3999999999999986,0.0,0.12309672680684786,0.13963542957033662,0.8815579769806348,46.852554519488386,1.922,1,False,False,0,0,,False,,
2022-02-28,21.5,22.1,21.4,21.9,5.333,0.8999999999999986,0.8999999999999986,0.0,0.20078705412616293,0.12567188661330295,1.5977086008423838,61.504535201688114,-4.096,2,False,False,0,0,,False,,
2022-03-01,21.9,22.1,21.7,21.8,5.5,-0.09999999999999787,0.0,0.09999999999999787,0.18070834871354666,0.12310469795197244,1.467924065611594,59.4801147274285,-2.237,-1,False,False,0,0,,False,,
2022-03-02,21.9,21.9,21.6,21.8,4.833,0.0,0.0,0.0,0.162637513842192,0.1107942281567752,1.467924065611594,59.4801147274285,-1.675,-1,False,False,0,0,,False,,
2022-03-03,21.9,22.3,21.9,22.0,5.0,0.1999999999999993,0.1999999999999993,0.0,0.16637376245797272,0.09971480534109768,1.6684960863018543,62.5257085767042,-1.43,1,False,False,0,0,,False,,
2022-03-04,21.8,22.0,21.5,21.6,4.5,-0.3999999999999986,0.0,0.3999999999999986,0.14973638621217544,0.12974332480698778,1.1540970330067484,53.576835923487984,0.383,-1,False,False,0,0,,False,,
2022-03-07,21.4,21.4,20.5,20.8,5.333,-0.8000000000000007,0.0,0.8000000000000007,0.1347627475909579,0.19676899232628908,0.6848779678024153,40.64852059853931,3.45,-2,False,False,0,0,,False,,
2022-03-08,20.7,20.9,19.8,20.6,6.0,-0.1999999999999993,0.0,0.1999999999999993,0.12128647283186213,0.1970920930936601,0.6153796985362858,38.09504967122519,1.178,-3,False,False,0,0,,False,,
2022-03-09,20.7,20.8,20.2,20.7,6.333,0.09999999999999787,0.09999999999999787,0.0,0.1191578255486757,0.1773828837842941,0.6717549236237313,40.18261972081536,-1.99,1,False,False,0,0,,False,,
2022-03-10,20.7,21.3,20.7,21.1,6.833,0.40000000000000213,0.40000000000000213,0.0,0.14724204299380833,0.15964459540586468,0.9223114795679408,47.979294165961065,-3.657,2,False,False,0,0,,False,,
2022-03-11,20.8,21.3,20.8,21.1,7.0,0.0,0.0,0.0,0.13251783869442751,0.14368013586527822,0.9223114795679408,47.979294165961065,-1.418,2,False,False,0,0,,False,,
2022-03-14,21.2,21.5,21.2,21.4,6.667,0.29999999999999716,0.29999999999999716,0.0,0.14926605482498448,0.1293121222787504,1.1543082906273905,53.58138831147634,-2.006,3,False,False,0,0,,False,,
2022-03-15,21.4,21.5,21.0,21.1,6.0,-0.29999999999999716,0.0,0.29999999999999716,0.13433944934248604,0.14638091005087508,0.9177388588156474,47.85525696561327,0.108,-1,False,False,0,0,,False,,
2022-03-16,21.3,21.6,21.2,21.5,4.833,0.3999999999999986,0.3999999999999986,0.0,0.1609055044082373,0.13174281904578758,1.2213607206349073,54.98254782707326,-0.995,1,False,False,0,0,,False,,
2022-03-17,21.6,21.7,21.5,21.6,4.167,0.10000000000000142,0.10000000000000142,0.0,0.15481495396741374,0.11856853714120882,1.3057001266958144,56.629225612566934,-2.574,2,False,False,0,0,,False,,
2022-03-18,21.6,21.6,21.4,21.4,3.5,-0.20000000000000284,0.0,0.20000000000000284,0.13933345857067236,0.12671168342708825,1.0996101922270403,52.372111561369984,0.186,-1,False,False,0,0,,False,,
2022-03-21,21.6,21.6,21.3,21.4,3.167,0.0,0.0,0.0,0.12540011271360513,0.11404051508437943,1.09961019222704,52.37211156136997,1.001,-1,False,False,0,0,,False,,
2022-03-22,21.4,21.5,21.2,21.3,3.167,-0.09999999999999787,0.0,0.09999999999999787,0.11286010144224462,0.11263646357594127,1.0019854837341602,50.04958786540392,0.985,-2,False,False,0,0,,False,,
2022-03-23,21.4,21.6,21.3,21.3,2.833,0.0,0.0,0.0,0.10157409129802016,0.10137281721834715,1.00198548373416,50.04958786540391,0.398,-2,False,False,0,0,,False,,
2022-03-24,21.3,21.4,21.0,21.0,2.833,-0.3000000000000007,0.0,0.3000000000000007,0.09141668216821815,0.1212355354965125,0.7540419712242526,42.988821453226734,2.053,-3,False,False,0,0,,False,,
2022-03-25,21.1,21.2,20.4,20.4,3.833,-0.6000000000000014,0.0,0.6000000000000014,0.08227501395139633,0.1691119819468614,0.4865120318751211,32.72842879458052,3.594,-4,False,False,0,0,,False,,
2022-03-28,20.5,20.6,20.4,20.5,3.833,0.10000000000000142,0.10000000000000142,0.0,0.08404751255625685,0.15220078375217524,0.552214715878923,35.57592324243867,3.485,1,False,False,0,0,,False,,
2022-03-29,20.5,20.6,20.3,20.4,3.833,-0.10000000000000142,0.0,0.10000000000000142,0.07564276130063116,0.14698070537695787,0.514644157589474,33.97789210163528,3.082,-1,False,False,0,0,,False,,
2022-03-30,20.5,20.7,20.5,20.7,3.667,0.3000000000000007,0.3000000000000007,0.0,0.09807848517056812,0.1322826348392621,0.7414312943625915,42.57597165979347,2.11,1,False,False,0,0,,False,,
2022-03-31,20.7,20.7,20.4,20.6,3.667,-0.09999999999999787,0.0,0.09999999999999787,0.08827063665351131,0.12905437135533565,0.6839802149008092,40.616879512512405,3.228,-1,False,False,0,0,,False,,
2022-04-01,20.5,20.6,20.3,20.4,3.5,-0.20000000000000284,0.0,0.20000000000000284,0.07944357298816018,0.13614893421980237,0.5835049201333036,36.84894898111101,4.848,-2,False,False,0,0,,False,,
2022-04-04,20.3,20.5,20.3,20.4,2.5,0.0,0.0,0.0,0.07149921568934417,0.12253404079782214,0.5835049201333036,36.84894898111101,4.186,-2,False,False,0,0,,False,,
2022-04-05,20.4,20.5,20.3,20.5,2.5,0.10000000000000142,0.10000000000000142,0.0,0.0743492941204099,0.11028063671803992,0.6741826700774542,40.269361410022476,4.131,1,False,False,0,0,,False,,
2022-04-07,20.4,20.4,19.9,20.0,2.833,-0.5,0.0,0.5,0.06691436470836891,0.14925257304623593,0.44832972284933387,30.954948709284512,5.927,-1,False,False,0,0,,False,,
2022-04-08,20.0,20.2,20.0,20.1,2.833,0.10000000000000142,0.10000000000000142,0.0,0.07022292823753216,0.13432731574161233,0.5227747450310904,34.330405513812025,4.886,1,False,False,0,0,,False,,
2022-04-11,20.2,20.2,19.9,20.0,2.833,-0.10000000000000142,0.0,0.10000000000000142,0.06320063541377895,0.13089458416745123,0.4828361373067005,32.56166511990217,2.008,-1,False,False,0,0,,False,,
2022-04-12,20.0,20.0,19.8,19.9,2.667,-0.10000000000000142,0.0,0.10000000000000142,0.05688057187240105,0.12780512575070624,0.44505704711210875,30.798579751680954,2.553,-2,False,False,0,0,,False,,
2022-04-18,19.9,20.1,19.7,20.0,3.0,0.10000000000000142,0.10000000000000142,0.0,0.06119251468516109,0.11502461317563561,0.5319949617367878,34.725633897234054,1.027,1,False,False,0,0,,False,,
2022-04-19,20.2,20.5,20.1,20.5,3.333,0.5,0.5,0.0,0.10507326321664498,0.10352215185807205,1.0149833763183314,50.37179900574932,-2.854,2,False,False,0,0,,False,,
2022-04-20,20.6,20.6,20.3,20.4,3.0,-0.10000000000000142,0.0,0.10000000000000142,0.09456593689498048,0.103169936672265,0.9166036148241863,47.824370555007434,-3.04,-1,False,False,0,0,,False,,
2022-04-21,20.5,20.6,20.3,20.3,3.167,-0.09999999999999787,0.0,0.09999999999999787,0.08510934320548244,0.10285294300503829,0.8274857356421326,45.28001064541141,-2.064,-2,False,False,0,0,,False,,
2022-04-22,20.3,20.3,20.2,20.3,2.833,0.0,0.0,0.0,0.0765984088849342,0.09256764870453446,0.8274857356421326,45.28001064541141,-1.481,-2,False,False,0,0,,False,,
2022-04-25,20.1,20.3,20.1,20.1,2.833,-0.1999999999999993,0.0,0.1999999999999993,0.06893856799644078,0.10331088383408095,0.6672924036460409,40.022518077021374,0.981,-3,False,False,1,0,r,False,,
2022-04-26,20.2,20.3,19.9,20.1,2.833,0.0,0.0,0.0,0.062044711196796706,0.09297979545067285,0.6672924036460409,40.022518077021374,0.573,-3,False,False,2,0,,False,,
2022-04-27,20.1,20.1,19.8,19.9,2.667,-0.20000000000000284,0.0,0.20000000000000284,0.055840240077117034,0.10368181590560585,0.5385731296214487,35.00471438455184,-0.464,-4,False,False,3,0,,False,,
2022-04-28,20.0,20.1,19.9,20.0,2.5,0.10000000000000142,0.10000000000000142,0.0,0.060256216069405476,0.09331363431504527,0.6457386052071296,39.23700903436351,-1.616,1,False,False,4,0,,False,,
2022-04-29,19.5,19.8,19.1,19.2,3.167,-0.8000000000000007,0.0,0.8000000000000007,0.05423059446246493,0.16398227088354084,0.33071010768584336,24.852152679666737,0.894,-1,False,False,5,0,,False,,
2022-05-03,19.2,19.3,19.1,19.1,3.333,-0.09999999999999787,0.0,0.09999999999999787,0.048807535016218435,0.15758404379518653,0.30972383904333645,23.64802638620127,2.864,-2,False,False,6,0,,False,,
2022-05-05,19.3,19.4,18.9,18.9,3.833,-0.20000000000000284,0.0,0.20000000000000284,0.04392678151459659,0.1618256394156682,0.2714451286780674,21.34933883936394,3.499,-3,False,False,7,0,,False,,
2022-05-06,18.7,18.8,18.5,18.6,3.667,-0.29999999999999716,0.0,0.29999999999999716,0.03953410336313693,0.1756430754741011,0.2250820492434745,18.372814243949577,2.935,-4,False,False,8,0,,False,,
2022-05-09,18.3,18.5,18.0,18.1,4.0,-0.5,0.0,0.5,0.03558069302682324,0.208078767926691,0.1709962692558753,14.60263142977707,3.091,-5,False,False,9,0,,True,1,
2022-05-10,17.9,18.4,17.6,18.3,5.0,0.1999999999999993,0.1999999999999993,0.0,0.05202262372414085,0.1872708911340219,0.2777934328667793,21.74008926024443,0.336,1,False,False,0,0,,False,2,
2022-05-11,18.4,18.4,18.0,18.2,4.5,-0.10000000000000142,0.0,0.10000000000000142,0.046820361351726764,0.17854380202061987,0.2622345935386742,20.775424384741314,-0.64,-1,False,False,0,0,,False,,
2022-05-12,18.1,18.2,17.5,17.8,5.333,-0.3999999999999986,0.0,0.3999999999999986,0.04213832521655409,0.20068942181855776,0.20996784401846116,17.353175545651734,3.163,-2,False,False,0,0,,False,,
2022-05-13,18.0,18.9,17.8,18.9,6.333,1.0999999999999979,1.0999999999999979,0.0,0.1479244926948985,0.180620479636702,0.8189796250814534,45.02412307365893,-2.939,1,False,False,0,0,,False,,
2022-05-17,18.9,19.2,18.8,19.1,6.5,0.20000000000000284,0.20000000000000284,0.0,0.15313204342540895,0.1625584316730318,0.9420123081244842,48.50702048506794,-4.793,2,False,False,0,0,,False,,
2022-05-18,19.1,19.1,18.8,19.0,6.167,-0.10000000000000142,0.0,0.10000000000000142,0.13781883908286807,0.15630258850572878,0.8817438047599369,46.857802987289496,-3.704,-1,False,False,0,0,,False,,
2022-05-19,18.7,18.9,18.6,18.6,5.333,-0.3999999999999986,0.0,0.3999999999999986,0.12403695517458127,0.18067232965515578,0.686529893157005,40.706654293087794,0.933,-2,False,False,0,0,,False,3,
2022-05-20,18.8,18.9,18.6,18.8,5.167,0.1999999999999993,0.1999999999999993,0.0,0.13163325965712308,0.1626050966896402,0.809527267822163,44.73694772206781,1.122,1,False,False,0,0,,False,4,
2022-05-23,18.9,18.9,18.7,18.8,4.333,0.0,0.0,0.0,0.11846993369141078,0.14634458702067618,0.8095272678221631,44.73694772206781,-0.276,1,False,False,0,0,,False,,
2022-05-24,18.9,18.9,18.4,18.4,3.333,-0.40000000000000213,0.0,0.40000000000000213,0.1066229403222697,0.17171012831860877,0.6209472986033209,38.30767965981104,2.476,-1,False,False,0,0,,False,5,
2022-05-25,18.4,18.6,18.3,18.5,3.167,0.10000000000000142,0.10000000000000142,0.0,0.10596064629004287,0.1545391154867479,0.6856558351346929,40.67590909385754,3.027,1,False,False,0,0,,False,6,
2022-05-26,18.5,18.7,18.4,18.5,3.167,0.0,0.0,0.0,0.09536458166103859,0.1390852039380731,0.6856558351346929,40.67590909385754,2.107,1,False,False,0,0,,False,,
2022-05-27,18.6,18.7,18.5,18.5,3.0,0.0,0.0,0.0,0.08582812349493474,0.1251766835442658,0.6856558351346929,40.67590909385754,1.906,1,False,False,0,0,,False,,
2022-05-30,18.6,18.9,18.6,18.8,3.0,0.3000000000000007,0.3000000000000007,0.0,0.10724531114544134,0.11265901518983923,0.951946108926344,48.76907741320564,1.143,2,False,False,0,0,,False,,
2022-05-31,18.7,18.8,18.5,18.7,3.167,-0.10000000000000142,0.0,0.10000000000000142,0.0965207800308972,0.11139311367085546,0.8664878541423751,46.42343919995741,2.06,-1,False,False,0,0,,False,,
2022-06-01,18.6,18.8,18.5,18.6,2.833,-0.09999999999999787,0.0,0.09999999999999787,0.08686870202780748,0.1102538023037697,0.787897561922337,44.068383933316305,3.695,-2,False,False,0,0,,False,7,
2022-06-02,18.6,18.8,18.5,18.6,2.833,0.0,0.0,0.0,0.07818183182502673,0.09922842207339273,0.787897561922337,44.068383933316305,4.338,-2,False,False,0,0,,False,,
2022-06-06,18.5,18.6,18.3,18.5,2.833,-0.10000000000000142,0.0,0.10000000000000142,0.07036364864252406,0.09930557986605361,0.7085568478370772,41.47107242782495,4.812,-3,False,False,0,0,,False,8,
2022-06-07,18.4,18.4,18.1,18.3,3.0,-0.1999999999999993,0.0,0.1999999999999993,0.06332728377827165,0.10937502187944818,0.5789921930079266,36.66846457961049,4.473,-4,False,False,0,0,,False,9,
2022-06-08,18.3,18.5,18.2,18.5,3.0,0.1999999999999993,0.1999999999999993,0.0,0.07699455540044442,0.09843751969150337,0.7821667555393536,43.88852800155837,2.82,1,False,False,0,0,,False,,
2022-06-09,18.5,19.2,18.4,19.1,3.833,0.6000000000000014,0.6000000000000014,0.0,0.12929509986040014,0.08859376772235303,1.4594152973107812,59.33992924686456,-1.917,2,False,False,0,0,,False,,
2022-06-10,18.9,18.9,18.6,18.7,3.833,-0.40000000000000213,0.0,0.40000000000000213,0.11636558987436013,0.11973439095011794,0.9718643820791533,49.28657320004989,0.592,-1,False,False,0,0,,False,,
2022-06-13,18.4,18.5,18.0,18.2,4.167,-0.5,0.0,0.5,0.10472903088692412,0.15776095185510614,0.6638463425544705,39.89829622940303,3.099,-2,False,False,1,0,r,False,10,
2022-06-14,18.1,18.2,17.9,18.1,4.167,-0.09999999999999787,0.0,0.09999999999999787,0.09425612779823171,0.15198485666959533,0.6201678895097956,38.27800152843641,2.336,-3,False,False,2,0,,False,11,
2022-06-15,18.2,18.2,18.0,18.1,4.0,0.0,0.0,0.0,0.08483051501840855,0.1367863710026358,0.6201678895097956,38.27800152843641,-0.489,-3,False,False,3,0,,False,,
2022-06-16,18.3,18.3,17.5,17.7,4.833,-0.40000000000000213,0.0,0.40000000000000213,0.0763474635165677,0.16310773390237243,0.46807997199118223,31.883819745617615,1.268,-4,False,False,4,0,,False,12,
2022-06-17,17.6,17.9,17.3,17.5,4.5,-0.1999999999999993,0.0,0.1999999999999993,0.06871271716491092,0.16679696051213513,0.41195425236727745,29.176175621596556,1.327,-5,False,False,5,0,,False,13,
2022-06-20,17.6,17.7,17.4,17.6,4.5,0.10000000000000142,0.10000000000000142,0.0,0.07184144544841997,0.15011726446092163,0.47856884220749746,32.36703145272533,-1.205,1,False,False,6,0,,False,,
2022-06-21,17.8,17.8,17.6,17.7,4.0,0.09999999999999787,0.09999999999999787,0.0,0.07465730090357776,0.13510553801482947,0.5525850531410728,35.59129028217324,-1.88,2,False,False,7,0,,False,,
2022-06-22,17.7,17.7,17.4,17.6,4.0,-0.09999999999999787,0.0,0.09999999999999787,0.06719157081321998,0.1315949842133463,0.5105937070085187,33.80086284217781,-1.307,-1,False,False,8,0,,False,,
2022-06-23,17.7,17.7,17.4,17.4,4.167,-0.20000000000000284,0.0,0.20000000000000284,0.06047241373189799,0.13843548579201198,0.43682740293014793,30.402218251079983,1.304,-2,False,False,9,0,,True,,
2022-06-24,17.5,17.8,17.4,17.4,3.5,0.0,0.0,0.0,0.05442517235870819,0.12459193721281078,0.43682740293014793,30.402218251079983,0.316,-2,False,False,0,0,,False,,
2022-06-27,17.5,17.7,17.5,17.6,2.833,0.20000000000000284,0.20000000000000284,0.0,0.06898265512283766,0.11213274349152971,0.6151874374504043,38.08768092088967,-1.441,1,False,False,0,0,,False,,
2022-06-28,17.7,17.9,17.5,17.8,3.0,0.1999999999999993,0.1999999999999993,0.0,0.08208438961055382,0.10091946914237675,0.8133652535840188,44.85391191743893,-1.482,2,False,False,0,0,,False,,
2022-06-29,17.7,17.8,17.6,17.6,3.0,-0.1999999999999993,0.0,0.1999999999999993,0.07387595064949844,0.110827522228139,0.6665848804002351,39.997055549919125,1.022,-1,False,False,0,0,,False,,
2022-06-30,17.7,17.8,17.3,17.4,3.333,-0.20000000000000284,0.0,0.20000000000000284,0.06648835558454859,0.1197447700053254,0.5552506016053282,35.70168055438777,3.388,-2,False,False,0,0,,False,,
2022-07-01,17.4,17.5,17.2,17.4,3.333,0.0,0.0,0.0,0.05983952002609373,0.10777029300479285,0.5552506016053282,35.70168055438777,2.497,-2,False,False,0,0,,False,,
2022-07-04,17.4,17.4,16.9,17.0,3.5,-0.3999999999999986,0.0,0.3999999999999986,0.05385556802348436,0.13699326370431342,0.3931256659431543,28.218966569466364,2.389,-3,False,False,0,0,,False,,
2022-07-05,17.0,17.2,16.3,16.4,4.667,-0.6000000000000014,0.0,0.6000000000000014,0.04847001122113592,0.18329393733388222,0.26443870389910684,20.913524956462194,4.454,-4,False,True,0,0,,False,,
2022-07-06,16.3,16.5,16.1,16.4,4.667,0.0,0.0,0.0,0.04362301009902233,0.164964543600494,0.2644387038991068,20.913524956462194,3.673,-4,True,False,0,0,,False,,
2022-07-07,16.5,16.8,16.5,16.7,4.833,0.3000000000000007,0.3000000000000007,0.0,0.06926070908912017,0.1484680892404446,0.4665023268195511,31.810541196430908,0.548,1,False,False,0,0,,False,,
2022-07-08,16.7,17.0,16.6,16.7,4.667,0.0,0.0,0.0,0.06233463818020816,0.13362128031640014,0.46650232681955117,31.810541196430908,0.701,1,False,False,0,0,,False,,
2022-07-11,16.6,16.8,16.5,16.7,4.667,0.0,0.0,0.0,0.056101174362187346,0.12025915228476013,0.4665023268195512,31.810541196430908,2.807,1,False,False,0,0,,False,,
2022-07-12,16.6,16.8,16.5,16.7,4.333,0.0,0.0,0.0,0.050491056925968614,0.10823323705628411,0.4665023268195512,31.810541196430908,2.543,1,False,False,0,0,,False,,
2022-07-14,16.7,16.7,16.2,16.3,3.667,-0.3999999999999986,0.0,0.3999999999999986,0.045441951233371754,0.13740991335065555,0.33070358699236424,24.851784441328174,4.189,-1,False,False,0,0,,False,,
2022-07-15,16.3,16.5,16.0,16.2,3.833,-0.10000000000000142,0.0,0.10000000000000142,0.04089775611003458,0.13366892201559014,0.3059630877045943,23.428157394736594,3.33,-2,False,False,0,0,,False,,
2022-07-18,16.3,16.5,16.2,16.4,3.833,0.1999999999999993,0.1999999999999993,0.0,0.05680798049903105,0.12030202981403113,0.4722113216780104,32.074968771452525,0.745,1,False,False,0,0,,False,,
2022-07-19,16.3,16.3,15.9,16.3,3.833,-0.09999999999999787,0.0,0.09999999999999787,0.05112718244912794,0.1182718268326278,0.4322853871318019,30.181512079618955,0.933,-1,False,False,0,0,,False,,
2022-07-20,16.4,16.5,16.1,16.1,4.0,-0.1999999999999993,0.0,0.1999999999999993,0.04601446420421515,0.12644464414936496,0.36390995058564723,26.681376613565167,3.069,-2,False,False,0,0,,False,,
2022-07-21,16.2,16.4,16.0,16.3,4.167,0.1999999999999993,0.1999999999999993,0.0,0.06141301778379357,0.11380017973442846,0.5396565974422097,35.05045205136826,0.317,1,False,False,0,0,,False,,
2022-07-22,16.3,16.5,16.2,16.3,3.833,0.0,0.0,0.0,0.055271716005414216,0.10242016176098562,0.5396565974422097,35.05045205136826,0.869,1,False,False,0,0,,False,,
2022-07-25,16.4,17.2,16.4,17.0,4.333,0.6999999999999993,0.6999999999999993,0.0,0.11974454440487273,0.09217814558488706,1.2990556887977283,56.50388092500093,-2.582,2,False,False,0,1,s,False,,
2022-07-26,17.0,17.2,16.7,16.9,4.667,-0.10000000000000142,0.0,0.10000000000000142,0.10777008996438546,0.0929603310263985,1.159312674282338,53.68896723896845,-0.977,-1,False,False,0,2,,False,,
2022-07-27,16.8,17.0,16.5,16.9,4.833,0.0,0.0,0.0,0.09699308096794691,0.08366429792375865,1.159312674282338,53.68896723896845,-0.156,-1,False,False,0,3,,False,,
2022-08-01,17.0,17.1,16.8,16.8,4.667,-0.09999999999999787,0.0,0.09999999999999787,0.08729377287115223,0.08529786813138257,1.0233992335739903,50.578215934496015,-0.168,-2,False,False,0,4,,False,,
2022-08-02,16.8,17.4,16.8,17.2,5.0,0.3999999999999986,0.3999999999999986,0.0,0.11856439558403686,0.07676808131824432,1.5444491193224525,60.69876216403634,-0.587,1,False,False,0,5,,False,,
2022-08-03,17.3,17.3,16.9,17.1,5.167,-0.09999999999999787,0.0,0.09999999999999787,0.10670795602563318,0.07909127318641967,1.3491748422625647,57.43186151964457,1.27,-1,False,False,0,6,,False,,
2022-08-04,17.1,17.3,17.0,17.2,4.333,0.09999999999999787,0.09999999999999787,0.0,0.10603716042306965,0.07118214586777771,1.4896595084396,59.833864967874575,0.768,1,False,False,0,7,,False,,
2022-08-05,17.1,17.3,17.0,17.1,4.0,-0.09999999999999787,0.0,0.09999999999999787,0.09543344438076269,0.07406393128099974,1.288527934315108,56.30378878030729,1.63,-1,False,False,0,8,,False,,
2022-08-08,17.2,17.3,16.9,17.3,3.833,0.1999999999999993,0.1999999999999993,0.0,0.10589009994268636,0.06665753815289976,1.5885690182525873,61.368617450461116,0.606,1,False,False,0,9,,False,,
2022-08-09,17.3,17.6,17.2,17.5,4.0,0.1999999999999993,0.1999999999999993,0.0,0.11530108994841766,0.05999178433760979,1.9219480004053422,65.77625611881948,0.117,2,False,False,0,0,,False,,
2022-08-10,17.6,17.6,17.1,17.3,3.833,-0.1999999999999993,0.0,0.1999999999999993,0.1037709809535759,0.07399260590384873,1.4024506866054063,58.375836574902976,2.855,-1,False,False,0,0,,False,,
2022-08-11,17.4,17.6,17.3,17.5,3.667,0.1999999999999993,0.1999999999999993,0.0,0.11339388285821825,0.06659334531346386,1.702780995975768,63.0010718038597,2.395,1,False,False,0,0,,False,,
2022-08-15,17.8,18.0,17.8,17.9,3.5,0.3999999999999986,0.3999999999999986,0.0,0.1420544945723963,0.05993401078211748,2.370181683465461,70.32800917214266,1.011,2,False,False,0,0,,False,,
2022-08-16,17.9,18.3,17.9,18.3,3.667,0.40000000000000213,0.40000000000000213,0.0,0.16784904511515691,0.05394060970390573,3.11173800289846,75.67938425806614,0.238,3,False,False,0,0,,False,,
2022-08-17,18.3,18.5,18.1,18.5,3.667,0.1999999999999993,0.1999999999999993,0.0,0.17106414060364117,0.04854654873351516,3.523713735916789,77.89426877168793,-0.043,4,False,False,0,0,,False,,
2022-08-18,18.4,18.4,18.1,18.3,3.5,-0.1999999999999993,0.0,0.1999999999999993,0.15395772654327705,0.06369189386016358,2.4172263880438747,70.73650128950248,1.44,-1,False,False,0,0,,False,,
2022-08-19,18.4,18.6,18.2,18.6,3.333,0.3000000000000007,0.3000000000000007,0.0,0.16856195388894943,0.057322704474147224,2.940579224850976,74.62302004503367,1.379,1,False,False,0,0,,False,,
2022-08-22,18.5,18.5,18.1,18.1,3.5,-0.5,0.0,0.5,0.1517057585000545,0.10159043402673251,1.4933075141714094,59.892632805371136,3.15,-1,False,False,0,0,,False,,
2022-08-23,18.0,18.6,17.8,18.5,4.5,0.3999999999999986,0.3999999999999986,0.0,0.17653518265004892,0.09143139062405926,1.930794024296459,65.87955374175259,-0.301,1,False,False,0,0,,False,,
2022-08-24,18.3,18.5,18.1,18.3,4.5,-0.1999999999999993,0.0,0.1999999999999993,0.15888166438504403,0.10228825156165328,1.553273831152345,60.8345964385387,-1.526,-1,False,False,0,0,,False,,
2022-08-25,18.3,18.5,18.2,18.4,4.333,0.09999999999999787,0.09999999999999787,0.0,0.1529934979465394,0.09205942640548795,1.6618993178673442,62.432839090203515,0.301,1,False,False,0,0,,False,,
2022-08-26,18.3,18.4,18.0,18.2,4.5,-0.1999999999999993,0.0,0.1999999999999993,0.13769414815188546,0.1028534837649391,1.3387407320744824,57.241947074954666,1.54,-1,False,False,0,0,,False,,
2022-08-29,17.8,18.2,17.7,18.1,4.667,-0.09999999999999787,0.0,0.09999999999999787,0.12392473333669692,0.10256813538844498,1.2082186428306458,54.7146292217635,3.218,-2,False,False,0,0,,False,,
2022-08-30,18.1,18.4,18.1,18.3,4.5,0.1999999999999993,0.1999999999999993,0.0,0.13153226000302715,0.09231132184960048,1.424876790490856,58.760791314367154,2.411,1,False,False,0,0,,False,,
2022-08-31,18.2,18.4,18.1,18.4,3.667,0.09999999999999787,0.09999999999999787,0.0,0.1283790340027242,0.08308018966464042,1.5452424280798593,60.7110116911573,-1.059,2,False,False,0,0,,False,,
2022-09-01,18.3,18.5,18.1,18.2,3.667,-0.1999999999999993,0.0,0.1999999999999993,0.11554113060245179,0.09477217069817633,1.2191461876548018,54.937623958122295,1.663,-1,False,False,0,0,,False,,
2022-09-02,18.3,18.3,18.1,18.2,3.5,0.0,0.0,0.0,0.10398701754220661,0.08529495362835869,1.219146187654802,54.937623958122295,1.925,-1,False,False,0,0,,False,,
2022-09-05,18.3,18.4,18.1,18.2,3.333,0.0,0.0,0.0,0.09358831578798596,0.07676545826552282,1.219146187654802,54.937623958122295,-0.805,-1,False,False,0,0,,False,,
2022-09-06,18.2,18.5,18.1,18.5,3.167,0.3000000000000007,0.3000000000000007,0.0,0.11422948420918744,0.06908891243897054,1.653369262543996,62.31206812725265,-2.257,1,False,False,0,0,,False,,
2022-09-07,18.5,18.5,18.3,18.3,3.0,-0.1999999999999993,0.0,0.1999999999999993,0.10280653578826869,0.08218002119507342,1.2509918383232517,55.57513879104541,-1.12,-1,False,False,0,0,,False,,
2022-09-08,18.3,18.4,18.2,18.3,2.833,0.0,0.0,0.0,0.09252588220944183,0.07396201907556609,1.2509918383232517,55.57513879104541,0.555,-1,False,False,0,0,,False,,
2022-09-09,18.2,18.3,18.0,18.1,2.667,-0.1999999999999993,0.0,0.1999999999999993,0.08327329398849764,0.08656581716800942,0.9619650886778837,49.03069347304883,1.394,-2,False,False,1,0,,False,,
2022-09-12,18.2,18.5,18.1,18.4,3.0,0.29999999999999716,0.29999999999999716,0.0,0.1049459645896476,0.07790923545120848,1.3470285516454743,57.3929341720657,-0.772,1,False,False,2,0,r,False,,
2022-09-13,18.3,18.4,18.2,18.2,2.833,-0.1999999999999993,0.0,0.1999999999999993,0.09445136813068283,0.09011831190608757,1.0480818618652195,51.17382666094778,1.701,-1,False,False,3,0,,False,,
2022-09-14,18.0,18.1,17.8,18.0,2.667,-0.1999999999999993,0.0,0.1999999999999993,0.08500623131761455,0.10110648071547876,0.8407594717575867,45.67459707024166,4.093,-2,False,False,4,0,,False,,
2022-09-15,18.0,18.0,17.7,17.8,2.833,-0.1999999999999993,0.0,0.1999999999999993,0.0765056081858531,0.11099583264393081,0.6892655909999733,40.80267748731905,5.157,-3,False,False,5,0,,False,,
2022-09-16,17.7,18.0,17.7,18.0,3.0,0.1999999999999993,0.1999999999999993,0.0,0.08885504736726772,0.09989624937953774,0.8894733077483122,47.075198368814156,2.426,1,False,False,6,0,,False,,
2022-09-19,18.0,18.1,17.6,17.6,3.333,-0.3999999999999986,0.0,0.3999999999999986,0.07996954263054096,0.12990662444158382,0.6155924917170141,38.1032033060996,2.425,-1,False,False,7,0,,False,,
2022-09-20,17.8,17.8,17.6,17.7,3.0,0.09999999999999787,0.09999999999999787,0.0,0.08197258836748665,0.11691596199742545,0.7011240122139331,41.21533804589902,-0.069,1,False,False,8,0,,False,,
2022-09-21,17.8,17.8,17.2,17.2,3.667,-0.5,0.0,0.5,0.07377532953073798,0.1552243657976829,0.47528188729658355,32.21634396715366,2.704,-1,False,False,9,0,,True,1,
2022-09-22,17.2,17.4,17.1,17.4,3.667,0.1999999999999993,0.1999999999999993,0.0,0.08639779657766412,0.1397019292179146,0.6184438329616492,38.21225181660684,0.915,1,True,False,0,0,,False,2,
2022-09-23,17.3,17.4,17.0,17.1,3.833,-0.29999999999999716,0.0,0.29999999999999716,0.07775801691989771,0.15573173629612286,0.49930745504590895,33.30253934011287,3.273,-1,False,False,0,0,,False,3,
2022-09-26,16.8,17.0,16.5,16.7,4.167,-0.40000000000000213,0.0,0.40000000000000213,0.06998221522790794,0.1801585626665108,0.3884478994065418,27.977131844311508,1.724,-2,False,False,0,0,,False,4,
2022-09-27,16.8,16.9,16.7,16.7,3.667,0.0,0.0,0.0,0.06298399370511715,0.16214270639985973,0.3884478994065418,27.977131844311508,1.295,-2,False,False,0,0,,False,5,
2022-09-28,16.7,16.7,16.3,16.3,4.0,-0.3999999999999986,0.0,0.3999999999999986,0.05668559433460543,0.18592843575987364,0.3048785631037891,23.36451618751433,1.211,-3,False,False,0,0,,False,6,R
2022-09-29,16.4,16.7,16.2,16.2,3.833,-0.10000000000000142,0.0,0.10000000000000142,0.05101703490114489,0.17733559218388642,0.2876863819206878,22.341339161448648,0.732,-4,False,False,0,0,,False,7,
2022-09-30,16.2,16.4,16.1,16.2,3.833,0.0,0.0,0.0,0.0459153314110304,0.15960203296549777,0.28768638192068785,22.341339161448648,0.573,-4,False,False,0,0,,False,8,
