date,bid1,bid2,bid3,bid4,bid5,offer1,offer2,offer3,offer4,offer5
2022-08-09 10:00:00.028969,17.2 | 757.7,17.1 | 1073.3,17.0 | 1471.7,16.9 | 1102.5,16.8 | 619.0,17.3 | 641.5,17.4 | 451.2,17.5 | 846.6,17.6 | 754.0,17.7 | 463.4
2022-08-09 10:01:00.062594,17.2 | 838.4,17.1 | 1073.4,17.0 | 1506.0,16.9 | 1102.7,16.8 | 589.3,17.3 | 636.5,17.4 | 463.5,17.5 | 878.3,17.6 | 754.0,17.7 | 462.4
2022-08-09 10:02:00.048205,17.2 | 699.8,17.1 | 1193.1,17.0 | 1519.0,16.9 | 1122.4,16.8 | 589.3,17.3 | 631.4,17.4 | 463.9,17.5 | 881.3,17.6 | 754.0,17.7 | 463.4
2022-08-09 10:03:00.062463,17.2 | 704.3,17.1 | 1193.1,17.0 | 1548.0,16.9 | 1122.4,16.8 | 589.3,17.3 | 642.3,17.4 | 464.1,17.5 | 888.3,17.6 | 757.0,17.7 | 463.4
2022-08-09 10:04:00.074224,17.2 | 739.3,17.1 | 1173.9,17.0 | 1501.9,16.9 | 1121.9,16.8 | 589.3,17.3 | 636.8,17.4 | 464.1,17.5 | 890.3,17.6 | 757.0,17.7 | 465.4
2022-08-09 10:05:00.146414,17.2 | 764.3,17.1 | 1174.1,17.0 | 1501.7,16.9 | 1123.9,16.8 | 589.3,17.3 | 608.4,17.4 | 466.1,17.5 | 910.3,17.6 | 757.4,17.7 | 466.4
2022-08-09 10:06:00.122185,17.2 | 757.0,17.1 | 1175.1,17.0 | 1502.6,16.9 | 1123.9,16.8 | 589.3,17.3 | 609.8,17.4 | 466.8,17.5 | 910.3,17.6 | 757.4,17.7 | 466.5
2022-08-09 10:07:00.051802,17.2 | 748.8,17.1 | 1224.1,17.0 | 1513.1,16.9 | 1133.9,16.8 | 589.3,17.3 | 612.4,17.4 | 466.9,17.5 | 910.4,17.6 | 758.5,17.7 | 467.0
2022-08-09 10:08:00.052598,17.2 | 768.8,17.1 | 1230.9,17.0 | 1514.3,16.9 | 1133.9,16.8 | 598.3,17.3 | 607.3,17.4 | 467.3,17.5 | 912.4,17.6 | 759.5,17.7 | 467.0
2022-08-09 10:09:00.068686,17.2 | 811.1,17.1 | 1296.2,17.0 | 1517.3,16.9 | 1133.9,16.8 | 598.3,17.3 | 607.5,17.4 | 469.2,17.5 | 912.3,17.6 | 759.5,17.7 | 467.0
2022-08-09 10:10:00.070266,17.3 | 417.8,17.2 | 783.2,17.1 | 1225.5,17.0 | 1488.6,16.9 | 1153.9,17.4 | 454.0,17.5 | 911.8,17.6 | 759.5,17.7 | 467.0,17.8 | 699.3
2022-08-09 10:11:00.063886,17.3 | 453.9,17.2 | 768.6,17.1 | 1191.3,17.0 | 1487.7,16.9 | 1155.9,17.4 | 543.5,17.5 | 901.8,17.6 | 780.5,17.7 | 479.0,17.8 | 699.3
2022-08-09 10:12:00.059188,17.3 | 566.1,17.2 | 748.0,17.1 | 1184.5,17.0 | 1488.7,16.9 | 1155.9,17.4 | 767.0,17.5 | 977.8,17.6 | 799.6,17.7 | 482.7,17.8 | 695.3
2022-08-09 10:13:00.051926,17.3 | 628.6,17.2 | 794.3,17.1 | 1186.3,17.0 | 1488.9,16.9 | 1155.9,17.4 | 765.7,17.5 | 981.1,17.6 | 842.6,17.7 | 483.7,17.8 | 707.1
2022-08-09 10:14:00.068989,17.3 | 629.1,17.2 | 796.7,17.1 | 1196.3,17.0 | 1588.9,16.9 | 1055.9,17.4 | 760.7,17.5 | 984.4,17.6 | 845.7,17.7 | 1183.7,17.8 | 712.1
2022-08-09 10:15:00.057873,17.3 | 644.7,17.2 | 796.7,17.1 | 1206.0,17.0 | 1594.1,16.9 | 1055.9,17.4 | 753.5,17.5 | 985.4,17.6 | 846.0,17.7 | 1183.7,17.8 | 718.1
2022-08-09 10:16:00.061331,17.3 | 622.0,17.2 | 805.7,17.1 | 1206.1,17.0 | 1593.6,16.9 | 1055.9,17.4 | 736.2,17.5 | 987.4,17.6 | 846.4,17.7 | 1183.7,17.8 | 721.5
2022-08-09 10:17:00.061284,17.4 | 378.2,17.3 | 705.4,17.2 | 780.4,17.1 | 1071.8,17.0 | 1604.0,17.5 | 1148.2,17.6 | 819.6,17.7 | 1184.4,17.8 | 722.0,17.9 | 535.6
2022-08-09 10:18:00.060031,17.4 | 684.2,17.3 | 715.4,17.2 | 941.9,17.1 | 1041.8,17.0 | 1493.3,17.5 | 993.5,17.6 | 1010.6,17.7 | 1195.4,17.8 | 723.5,17.9 | 539.2
2022-08-09 10:19:00.063939,17.4 | 761.3,17.3 | 804.9,17.2 | 947.5,17.1 | 1041.8,17.0 | 1491.3,17.5 | 989.0,17.6 | 1058.3,17.7 | 1226.1,17.8 | 711.5,17.9 | 540.3
2022-08-09 10:20:00.071288,17.4 | 772.9,17.3 | 800.2,17.2 | 937.5,17.1 | 1041.8,17.0 | 1494.1,17.5 | 968.7,17.6 | 1083.3,17.7 | 1386.0,17.8 | 713.5,17.9 | 550.3
2022-08-09 10:21:00.065541,17.4 | 872.5,17.3 | 753.2,17.2 | 940.8,17.1 | 1041.8,17.0 | 1489.3,17.5 | 950.0,17.6 | 1083.7,17.7 | 1392.3,17.8 | 728.6,17.9 | 550.8
2022-08-09 10:22:00.063339,17.4 | 923.5,17.3 | 806.2,17.2 | 950.5,17.1 | 1042.0,17.0 | 1487.3,17.5 | 1036.0,17.6 | 1088.7,17.7 | 1410.8,17.8 | 736.0,17.9 | 553.9
2022-08-09 10:23:00.054922,17.4 | 987.9,17.3 | 808.8,17.2 | 970.6,17.1 | 1042.0,17.0 | 1487.9,17.5 | 1108.8,17.6 | 1090.3,17.7 | 1415.0,17.8 | 737.2,17.9 | 554.1
2022-08-09 10:24:00.070598,17.4 | 937.7,17.3 | 813.4,17.2 | 969.6,17.1 | 1042.0,17.0 | 1488.2,17.5 | 1099.6,17.6 | 1090.2,17.7 | 1429.7,17.8 | 739.9,17.9 | 559.1
2022-08-09 10:25:00.071842,17.4 | 925.0,17.3 | 661.4,17.2 | 981.3,17.1 | 1043.0,17.0 | 1498.5,17.5 | 1341.6,17.6 | 1100.6,17.7 | 1432.5,17.8 | 739.9,17.9 | 559.6
2022-08-09 10:26:00.072834,17.4 | 934.0,17.3 | 661.4,17.2 | 981.4,17.1 | 1043.0,17.0 | 1499.9,17.5 | 1353.2,17.6 | 1103.6,17.7 | 1432.5,17.8 | 860.0,17.9 | 559.6
2022-08-09 10:27:00.044484,17.4 | 935.2,17.3 | 651.4,17.2 | 976.4,17.1 | 1043.0,17.0 | 1510.9,17.5 | 1174.2,17.6 | 1106.5,17.7 | 1436.4,17.8 | 859.0,17.9 | 561.5
2022-08-09 10:28:00.056251,17.4 | 950.7,17.3 | 651.3,17.2 | 978.4,17.1 | 1044.2,17.0 | 1510.9,17.5 | 1169.9,17.6 | 1106.5,17.7 | 1436.4,17.8 | 859.0,17.9 | 561.3
2022-08-09 10:29:00.051853,17.3 | 657.1,17.2 | 1008.4,17.1 | 1052.4,17.0 | 1410.9,16.9 | 651.9,17.4 | 933.5,17.5 | 1422.2,17.6 | 1129.2,17.7 | 1385.0,17.8 | 869.0
2022-08-09 10:30:00.067955,17.3 | 645.1,17.2 | 1006.4,17.1 | 1052.4,17.0 | 1411.3,16.9 | 653.4,17.4 | 1071.5,17.5 | 1351.7,17.6 | 1081.4,17.7 | 1435.0,17.8 | 880.3
2022-08-09 10:31:00.060455,17.3 | 647.0,17.2 | 1016.5,17.1 | 1052.4,17.0 | 1411.3,16.9 | 653.4,17.4 | 1071.7,17.5 | 1344.3,17.6 | 1085.2,17.7 | 1425.0,17.8 | 901.3
2022-08-09 10:32:00.061146,17.3 | 664.6,17.2 | 989.1,17.1 | 1052.4,17.0 | 1411.3,16.9 | 653.4,17.4 | 1051.9,17.5 | 1342.4,17.6 | 1085.2,17.7 | 1431.5,17.8 | 901.3
2022-08-09 10:33:00.053367,17.3 | 717.7,17.2 | 1039.1,17.1 | 1052.4,17.0 | 1411.3,16.9 | 693.4,17.4 | 922.4,17.5 | 1345.3,17.6 | 1085.7,17.7 | 1431.5,17.8 | 908.3
2022-08-09 10:34:00.065387,17.3 | 784.4,17.2 | 1039.0,17.1 | 1052.4,17.0 | 1410.3,16.9 | 694.4,17.4 | 904.0,17.5 | 1349.3,17.6 | 1086.0,17.7 | 1431.6,17.8 | 912.6
2022-08-09 10:35:00.055341,17.3 | 786.4,17.2 | 1038.5,17.1 | 1052.4,17.0 | 1415.4,16.9 | 694.4,17.4 | 833.0,17.5 | 1350.2,17.6 | 1071.7,17.7 | 1418.6,17.8 | 913.6
2022-08-09 10:36:00.068787,17.3 | 798.0,17.2 | 1038.5,17.1 | 1052.4,17.0 | 1415.4,16.9 | 694.4,17.4 | 734.5,17.5 | 1449.2,17.6 | 1212.6,17.7 | 1418.6,17.8 | 913.6
2022-08-09 10:37:00.057080,17.3 | 806.1,17.2 | 1028.5,17.1 | 1052.4,17.0 | 1427.3,16.9 | 694.4,17.4 | 674.6,17.5 | 1449.3,17.6 | 1212.6,17.7 | 1420.6,17.8 | 924.6
2022-08-09 10:38:00.055271,17.3 | 825.1,17.2 | 1028.5,17.1 | 1002.4,17.0 | 1428.3,16.9 | 694.7,17.4 | 653.1,17.5 | 1459.3,17.6 | 1212.6,17.7 | 1410.6,17.8 | 924.6
2022-08-09 10:39:00.060999,17.3 | 802.4,17.2 | 1031.0,17.1 | 1002.4,17.0 | 1428.3,16.9 | 697.2,17.4 | 656.4,17.5 | 1465.6,17.6 | 1212.1,17.7 | 1410.6,17.8 | 924.6
2022-08-09 10:40:00.068119,17.3 | 804.5,17.2 | 983.5,17.1 | 1001.9,17.0 | 1428.3,16.9 | 697.2,17.4 | 659.5,17.5 | 1473.0,17.6 | 1212.2,17.7 | 1411.8,17.8 | 925.3
2022-08-09 10:41:00.064393,17.3 | 867.0,17.2 | 990.5,17.1 | 1001.9,17.0 | 1428.3,16.9 | 697.2,17.4 | 667.2,17.5 | 1485.2,17.6 | 1212.2,17.7 | 1412.8,17.8 | 925.3
2022-08-09 10:42:00.055133,17.3 | 869.1,17.2 | 994.5,17.1 | 1001.1,17.0 | 1428.3,16.9 | 697.2,17.4 | 672.9,17.5 | 1505.8,17.6 | 1213.1,17.7 | 1412.8,17.8 | 925.6
2022-08-09 10:43:00.055474,17.3 | 871.0,17.2 | 975.5,17.1 | 1001.1,17.0 | 1428.3,16.9 | 696.2,17.4 | 626.3,17.5 | 1505.8,17.6 | 1203.1,17.7 | 1412.8,17.8 | 925.6
2022-08-09 10:44:00.050558,17.3 | 864.7,17.2 | 978.5,17.1 | 1000.4,17.0 | 1439.1,16.9 | 690.2,17.4 | 642.4,17.5 | 1540.4,17.6 | 1203.7,17.7 | 1412.8,17.8 | 925.6
2022-08-09 10:45:00.071126,17.3 | 867.3,17.2 | 978.9,17.1 | 1000.4,17.0 | 1449.1,16.9 | 690.5,17.4 | 640.5,17.5 | 1522.3,17.6 | 1189.3,17.7 | 1445.8,17.8 | 928.3
2022-08-09 10:46:00.060766,17.3 | 868.3,17.2 | 999.1,17.1 | 1000.4,17.0 | 1449.1,16.9 | 690.5,17.4 | 654.2,17.5 | 1524.9,17.6 | 1189.3,17.7 | 1444.8,17.8 | 928.3
2022-08-09 10:47:00.071469,17.3 | 868.3,17.2 | 1053.3,17.1 | 1000.4,17.0 | 1449.8,16.9 | 690.5,17.4 | 665.2,17.5 | 1525.5,17.6 | 1188.6,17.7 | 1439.8,17.8 | 928.3
2022-08-09 10:48:00.071012,17.3 | 872.5,17.2 | 1053.3,17.1 | 1002.4,17.0 | 1449.8,16.9 | 690.5,17.4 | 760.4,17.5 | 1526.0,17.6 | 1088.6,17.7 | 1439.8,17.8 | 928.3
2022-08-09 10:49:00.069540,17.3 | 868.5,17.2 | 1063.3,17.1 | 1002.4,17.0 | 1469.8,16.9 | 689.5,17.4 | 753.0,17.5 | 1523.7,17.6 | 1188.6,17.7 | 1434.8,17.8 | 928.5
2022-08-09 10:50:00.056626,17.3 | 879.9,17.2 | 1083.5,17.1 | 1006.4,17.0 | 1469.8,16.9 | 689.6,17.4 | 761.7,17.5 | 1524.2,17.6 | 1218.6,17.7 | 1434.8,17.8 | 928.5
2022-08-09 10:51:00.051196,17.3 | 880.9,17.2 | 1084.1,17.1 | 1009.4,17.0 | 1469.8,16.9 | 692.1,17.4 | 760.7,17.5 | 1524.2,17.6 | 1218.6,17.7 | 1434.8,17.8 | 928.5
2022-08-09 10:52:00.065820,17.3 | 1067.9,17.2 | 1184.5,17.1 | 1009.4,17.0 | 1467.8,16.9 | 692.1,17.4 | 738.4,17.5 | 1524.2,17.6 | 1239.6,17.7 | 1434.6,17.8 | 928.5
2022-08-09 10:53:00.069810,17.3 | 1073.4,17.2 | 1187.5,17.1 | 1009.4,17.0 | 1467.8,16.9 | 692.1,17.4 | 710.7,17.5 | 1524.2,17.6 | 1239.6,17.7 | 1434.6,17.8 | 928.5
2022-08-09 10:54:00.054196,17.4 | 386.3,17.3 | 1121.5,17.2 | 1156.3,17.1 | 1023.9,17.0 | 1471.8,17.5 | 1283.2,17.6 | 1238.1,17.7 | 1434.6,17.8 | 928.5,17.9 | 589.3
2022-08-09 10:55:00.050863,17.4 | 646.5,17.3 | 1169.2,17.2 | 1156.3,17.1 | 1023.9,17.0 | 1471.8,17.5 | 1320.9,17.6 | 1238.1,17.7 | 1437.6,17.8 | 929.5,17.9 | 589.3
2022-08-09 10:56:00.055696,17.4 | 640.9,17.3 | 1170.2,17.2 | 1156.4,17.1 | 1025.4,17.0 | 1474.9,17.5 | 1324.8,17.6 | 1299.2,17.7 | 1437.6,17.8 | 929.5,17.9 | 591.5
2022-08-09 10:57:00.055522,17.4 | 738.0,17.3 | 1170.8,17.2 | 1156.8,17.1 | 1027.4,17.0 | 1470.9,17.5 | 1346.5,17.6 | 1287.2,17.7 | 1508.5,17.8 | 929.5,17.9 | 591.5
2022-08-09 10:58:00.070354,17.4 | 728.0,17.3 | 1170.8,17.2 | 1157.0,17.1 | 1027.4,17.0 | 1470.9,17.5 | 1347.4,17.6 | 1284.2,17.7 | 1508.5,17.8 | 979.5,17.9 | 641.5
2022-08-09 10:59:00.066483,17.4 | 608.8,17.3 | 1170.8,17.2 | 1168.0,17.1 | 1027.4,17.0 | 1470.9,17.5 | 1336.2,17.6 | 1289.2,17.7 | 1508.5,17.8 | 979.5,17.9 | 641.5
2022-08-09 11:00:00.063841,17.4 | 639.9,17.3 | 1168.8,17.2 | 1165.4,17.1 | 1027.4,17.0 | 1471.9,17.5 | 1332.5,17.6 | 1289.3,17.7 | 1508.5,17.8 | 979.5,17.9 | 641.5
2022-08-09 11:01:00.074086,17.4 | 630.5,17.3 | 1179.8,17.2 | 1166.9,17.1 | 1037.4,17.0 | 1473.9,17.5 | 1347.3,17.6 | 1292.3,17.7 | 1507.5,17.8 | 981.0,17.9 | 642.9
2022-08-09 11:02:00.066902,17.4 | 627.1,17.3 | 1180.4,17.2 | 1168.4,17.1 | 1037.4,17.0 | 1473.9,17.5 | 1349.8,17.6 | 1292.1,17.7 | 1507.5,17.8 | 981.0,17.9 | 642.9
2022-08-09 11:03:00.057356,17.4 | 602.4,17.3 | 1180.0,17.2 | 1168.4,17.1 | 1042.4,17.0 | 1473.9,17.5 | 1327.1,17.6 | 1265.4,17.7 | 1478.0,17.8 | 996.0,17.9 | 642.9
2022-08-09 11:04:00.068796,17.4 | 284.8,17.3 | 1187.4,17.2 | 1168.4,17.1 | 1041.4,17.0 | 1480.0,17.5 | 1328.9,17.6 | 1265.6,17.7 | 1479.0,17.8 | 996.0,17.9 | 645.9
2022-08-09 11:05:00.069429,17.4 | 311.8,17.3 | 1189.6,17.2 | 1168.4,17.1 | 1075.4,17.0 | 1480.0,17.5 | 1339.3,17.6 | 1263.8,17.7 | 1479.0,17.8 | 1096.0,17.9 | 642.9
2022-08-09 11:06:00.066103,17.4 | 370.9,17.3 | 1189.6,17.2 | 1168.8,17.1 | 1075.4,17.0 | 1480.4,17.5 | 1346.0,17.6 | 1264.2,17.7 | 1479.4,17.8 | 1101.0,17.9 | 642.9
2022-08-09 11:07:00.058312,17.4 | 224.7,17.3 | 1189.6,17.2 | 1164.0,17.1 | 1095.4,17.0 | 1477.3,17.5 | 1249.7,17.6 | 1266.0,17.7 | 1481.4,17.8 | 1103.0,17.9 | 644.9
2022-08-09 11:08:00.056519,17.4 | 239.7,17.3 | 1147.7,17.2 | 1169.5,17.1 | 1095.4,17.0 | 1476.8,17.5 | 1415.6,17.6 | 1269.0,17.7 | 1481.5,17.8 | 1104.0,17.9 | 644.9
2022-08-09 11:09:00.058221,17.4 | 238.1,17.3 | 1145.2,17.2 | 1179.5,17.1 | 1095.4,17.0 | 1466.8,17.5 | 1414.6,17.6 | 1269.0,17.7 | 1481.7,17.8 | 1104.0,17.9 | 645.0
2022-08-09 11:10:00.057733,17.4 | 263.3,17.3 | 1145.2,17.2 | 1185.7,17.1 | 1095.2,17.0 | 1466.8,17.5 | 1249.8,17.6 | 1269.0,17.7 | 1478.7,17.8 | 1103.0,17.9 | 647.5
2022-08-09 11:11:00.055224,17.4 | 279.8,17.3 | 1175.2,17.2 | 1185.7,17.1 | 1065.2,17.0 | 1466.8,17.5 | 1307.9,17.6 | 1268.9,17.7 | 1479.2,17.8 | 1103.0,17.9 | 649.5
2022-08-09 11:12:00.061231,17.4 | 572.9,17.3 | 1175.7,17.2 | 1185.7,17.1 | 1066.2,17.0 | 1455.8,17.5 | 1234.7,17.6 | 1246.2,17.7 | 1451.1,17.8 | 1102.3,17.9 | 649.5
2022-08-09 11:13:00.055847,17.4 | 668.9,17.3 | 1305.8,17.2 | 1387.3,17.1 | 1066.2,17.0 | 1455.8,17.5 | 1234.7,17.6 | 1246.2,17.7 | 1451.1,17.8 | 1102.3,17.9 | 649.5
2022-08-09 11:14:00.067933,17.4 | 659.7,17.3 | 1304.6,17.2 | 1387.5,17.1 | 1065.4,17.0 | 1455.8,17.5 | 1234.7,17.6 | 1250.4,17.7 | 1451.1,17.8 | 1102.3,17.9 | 649.5
2022-08-09 11:15:00.066654,17.4 | 659.7,17.3 | 1314.6,17.2 | 1393.3,17.1 | 1065.4,17.0 | 1453.8,17.5 | 1235.2,17.6 | 1250.0,17.7 | 1451.1,17.8 | 1102.3,17.9 | 650.5
2022-08-09 11:16:00.065082,17.4 | 677.3,17.3 | 1254.6,17.2 | 1393.6,17.1 | 1065.4,17.0 | 1454.8,17.5 | 1230.9,17.6 | 1238.8,17.7 | 1437.7,17.8 | 1102.3,17.9 | 650.5
2022-08-09 11:17:00.063630,17.4 | 670.6,17.3 | 1248.6,17.2 | 1393.6,17.1 | 1067.4,17.0 | 1454.8,17.5 | 1229.7,17.6 | 1238.8,17.7 | 1437.7,17.8 | 1102.3,17.9 | 650.5
2022-08-09 11:18:00.059894,17.4 | 668.0,17.3 | 1246.6,17.2 | 1393.6,17.1 | 1067.4,17.0 | 1454.8,17.5 | 1336.6,17.6 | 1239.2,17.7 | 1437.7,17.8 | 1103.3,17.9 | 650.5
2022-08-09 11:19:00.053573,17.4 | 660.1,17.3 | 1246.6,17.2 | 1393.6,17.1 | 1067.4,17.0 | 1455.0,17.5 | 1338.8,17.6 | 1237.0,17.7 | 1437.7,17.8 | 1103.3,17.9 | 650.5
2022-08-09 11:20:00.062921,17.4 | 647.7,17.3 | 1246.6,17.2 | 1393.6,17.1 | 1067.4,17.0 | 1455.0,17.5 | 1331.6,17.6 | 1237.8,17.7 | 1438.2,17.8 | 1103.4,17.9 | 650.5
2022-08-09 11:21:00.058458,17.4 | 653.7,17.3 | 1236.6,17.2 | 1390.6,17.1 | 1063.4,17.0 | 1452.0,17.5 | 1343.5,17.6 | 1249.4,17.7 | 1443.2,17.8 | 1103.4,17.9 | 645.5
2022-08-09 11:22:00.058989,17.4 | 651.8,17.3 | 1239.3,17.2 | 1390.9,17.1 | 1063.4,17.0 | 1452.0,17.5 | 1342.6,17.6 | 1249.9,17.7 | 1456.3,17.8 | 1103.2,17.9 | 645.5
2022-08-09 11:23:00.065916,17.4 | 650.8,17.3 | 1239.3,17.2 | 1390.9,17.1 | 1063.4,17.0 | 1452.0,17.5 | 1345.0,17.6 | 1249.5,17.7 | 1456.3,17.8 | 1103.2,17.9 | 645.5
2022-08-09 11:24:00.073671,17.4 | 648.0,17.3 | 1244.3,17.2 | 1401.5,17.1 | 1062.8,17.0 | 1452.0,17.5 | 1346.5,17.6 | 1309.9,17.7 | 1456.3,17.8 | 1103.2,17.9 | 645.5
2022-08-09 11:25:00.067942,17.4 | 457.8,17.3 | 1284.3,17.2 | 1396.5,17.1 | 1052.8,17.0 | 1452.0,17.5 | 1431.5,17.6 | 1279.5,17.7 | 1456.3,17.8 | 1105.2,17.9 | 645.5
2022-08-09 11:26:00.075246,17.4 | 405.0,17.3 | 1324.3,17.2 | 1397.5,17.1 | 1052.8,17.0 | 1453.0,17.5 | 1445.6,17.6 | 1296.9,17.7 | 1471.2,17.8 | 1105.2,17.9 | 645.5
2022-08-09 11:27:00.064606,17.4 | 413.8,17.3 | 1323.2,17.2 | 1400.3,17.1 | 1052.7,17.0 | 1452.9,17.5 | 1447.6,17.6 | 1296.5,17.7 | 1471.2,17.8 | 1105.2,17.9 | 645.5
2022-08-09 11:28:00.059446,17.4 | 350.6,17.3 | 1323.2,17.2 | 1400.8,17.1 | 1052.7,17.0 | 1452.9,17.5 | 1446.6,17.6 | 1297.3,17.7 | 1489.2,17.8 | 1105.2,17.9 | 645.5
2022-08-09 11:29:00.161813,17.4 | 358.3,17.3 | 1323.2,17.2 | 1401.8,17.1 | 1052.7,17.0 | 1453.6,17.5 | 1446.6,17.6 | 1297.3,17.7 | 1489.2,17.8 | 1105.2,17.9 | 645.5
2022-08-09 11:30:00.154470,17.4 | 375.0,17.3 | 1323.2,17.2 | 1401.8,17.1 | 1052.7,17.0 | 1454.2,17.5 | 1454.6,17.6 | 1298.2,17.7 | 1490.2,17.8 | 1105.2,17.9 | 645.5
2022-08-09 11:31:00.058249,17.4 | 378.9,17.3 | 1323.2,17.2 | 1401.8,17.1 | 1052.7,17.0 | 1454.2,17.5 | 1458.6,17.6 | 1297.8,17.7 | 1490.2,17.8 | 1105.2,17.9 | 645.5
2022-08-09 11:32:00.056126,17.4 | 373.3,17.3 | 1323.2,17.2 | 1401.8,17.1 | 1052.7,17.0 | 1454.2,17.5 | 1460.9,17.6 | 1297.0,17.7 | 1490.2,17.8 | 1107.2,17.9 | 645.5
2022-08-09 11:33:00.067956,17.4 | 373.3,17.3 | 1323.2,17.2 | 1401.8,17.1 | 1052.8,17.0 | 1454.2,17.5 | 1461.0,17.6 | 1297.8,17.7 | 1490.2,17.8 | 1107.2,17.9 | 652.0
2022-08-09 11:34:00.074265,17.4 | 385.9,17.3 | 1323.4,17.2 | 1402.8,17.1 | 1052.9,17.0 | 1457.2,17.5 | 1461.1,17.6 | 1297.0,17.7 | 1490.2,17.8 | 1107.2,17.9 | 652.0
2022-08-09 11:35:00.064415,17.4 | 402.0,17.3 | 1323.4,17.2 | 1403.8,17.1 | 1052.9,17.0 | 1457.2,17.5 | 1458.1,17.6 | 1297.4,17.7 | 1490.2,17.8 | 1107.2,17.9 | 653.0
2022-08-09 11:36:00.051820,17.4 | 365.6,17.3 | 1325.4,17.2 | 1403.8,17.1 | 1051.9,17.0 | 1457.2,17.5 | 1453.1,17.6 | 1298.4,17.7 | 1490.2,17.8 | 1107.2,17.9 | 653.0
2022-08-09 11:37:00.062584,17.4 | 382.5,17.3 | 1325.9,17.2 | 1403.8,17.1 | 1051.9,17.0 | 1457.2,17.5 | 1448.5,17.6 | 1298.4,17.7 | 1490.2,17.8 | 1110.2,17.9 | 653.0
2022-08-09 11:38:00.074124,17.4 | 384.6,17.3 | 1325.9,17.2 | 1403.8,17.1 | 1051.9,17.0 | 1457.2,17.5 | 1449.0,17.6 | 1298.6,17.7 | 1490.2,17.8 | 1111.2,17.9 | 664.0
2022-08-09 11:39:00.066211,17.4 | 387.6,17.3 | 1325.9,17.2 | 1403.8,17.1 | 1053.9,17.0 | 1457.2,17.5 | 1449.0,17.6 | 1298.6,17.7 | 1490.2,17.8 | 1111.2,17.9 | 664.0
2022-08-09 11:40:00.082328,17.4 | 375.4,17.3 | 1325.9,17.2 | 1403.8,17.1 | 1053.9,17.0 | 1457.2,17.5 | 1453.3,17.6 | 1297.8,17.7 | 1490.2,17.8 | 1111.2,17.9 | 664.0
2022-08-09 11:41:00.066810,17.4 | 373.0,17.3 | 1425.9,17.2 | 1403.8,17.1 | 1053.9,17.0 | 1457.2,17.5 | 1425.3,17.6 | 1274.3,17.7 | 1462.2,17.8 | 1111.2,17.9 | 664.0
2022-08-09 11:42:00.067468,17.4 | 418.8,17.3 | 1425.9,17.2 | 1404.8,17.1 | 1053.9,17.0 | 1487.2,17.5 | 1425.0,17.6 | 1274.3,17.7 | 1462.2,17.8 | 1113.2,17.9 | 664.0
2022-08-09 11:43:00.061960,17.4 | 419.1,17.3 | 1425.9,17.2 | 1404.8,17.1 | 1053.9,17.0 | 1487.2,17.5 | 1418.2,17.6 | 1274.3,17.7 | 1462.2,17.8 | 1113.1,17.9 | 665.0
2022-08-09 11:44:00.064663,17.4 | 415.7,17.3 | 1426.1,17.2 | 1404.8,17.1 | 1053.9,17.0 | 1487.2,17.5 | 1428.7,17.6 | 1273.9,17.7 | 1463.2,17.8 | 1113.1,17.9 | 665.0
2022-08-09 11:45:00.068223,17.4 | 417.4,17.3 | 1428.2,17.2 | 1404.8,17.1 | 1053.9,17.0 | 1486.7,17.5 | 1428.2,17.6 | 1275.2,17.7 | 1463.2,17.8 | 1113.1,17.9 | 665.0
2022-08-09 11:46:00.067308,17.4 | 439.4,17.3 | 1428.2,17.2 | 1404.9,17.1 | 1053.9,17.0 | 1486.7,17.5 | 1428.2,17.6 | 1275.6,17.7 | 1463.2,17.8 | 1112.6,17.9 | 665.0
2022-08-09 11:47:00.060775,17.4 | 452.8,17.3 | 1388.7,17.2 | 1405.9,17.1 | 1055.9,17.0 | 1476.7,17.5 | 1433.4,17.6 | 1275.4,17.7 | 1463.2,17.8 | 1112.6,17.9 | 665.0
2022-08-09 11:48:00.059305,17.4 | 551.1,17.3 | 1407.0,17.2 | 1402.8,17.1 | 1055.9,17.0 | 1479.7,17.5 | 1433.4,17.6 | 1275.2,17.7 | 1463.2,17.8 | 1112.0,17.9 | 665.0
2022-08-09 11:49:00.052665,17.4 | 594.8,17.3 | 1407.3,17.2 | 1402.8,17.1 | 1055.9,17.0 | 1479.7,17.5 | 1433.4,17.6 | 1276.4,17.7 | 1463.2,17.8 | 1112.0,17.9 | 665.0
2022-08-09 11:50:00.052156,17.4 | 592.4,17.3 | 1409.4,17.2 | 1402.8,17.1 | 1055.8,17.0 | 1479.9,17.5 | 1433.4,17.6 | 1276.0,17.7 | 1463.2,17.8 | 1112.0,17.9 | 665.0
2022-08-09 11:51:00.048842,17.4 | 584.9,17.3 | 1409.4,17.2 | 1402.9,17.1 | 1055.8,17.0 | 1479.9,17.5 | 1428.4,17.6 | 1276.0,17.7 | 1528.2,17.8 | 1112.0,17.9 | 600.0
2022-08-09 11:52:00.064190,17.4 | 584.1,17.3 | 1409.6,17.2 | 1402.9,17.1 | 1055.8,17.0 | 1479.9,17.5 | 1429.4,17.6 | 1275.7,17.7 | 1528.7,17.8 | 1162.0,17.9 | 600.0
2022-08-09 11:53:00.064756,17.4 | 596.7,17.3 | 1409.6,17.2 | 1402.9,17.1 | 1055.8,17.0 | 1479.9,17.5 | 1455.7,17.6 | 1275.7,17.7 | 1528.7,17.8 | 1162.0,17.9 | 600.0
2022-08-09 11:54:00.051684,17.4 | 596.3,17.3 | 1409.7,17.2 | 1403.1,17.1 | 1055.8,17.0 | 1480.9,17.5 | 1468.2,17.6 | 1275.7,17.7 | 1528.7,17.8 | 1159.0,17.9 | 600.0
2022-08-09 11:55:00.063220,17.4 | 594.8,17.3 | 1409.8,17.2 | 1403.1,17.1 | 1060.8,17.0 | 1480.9,17.5 | 1466.7,17.6 | 1275.6,17.7 | 1525.7,17.8 | 1161.5,17.9 | 600.0
2022-08-09 11:56:00.072717,17.4 | 592.9,17.3 | 1408.9,17.2 | 1403.1,17.1 | 1060.8,17.0 | 1480.9,17.5 | 1460.4,17.6 | 1272.2,17.7 | 1525.7,17.8 | 1161.5,17.9 | 600.0
2022-08-09 11:57:00.070303,17.4 | 586.2,17.3 | 1409.1,17.2 | 1403.2,17.1 | 1060.8,17.0 | 1480.9,17.5 | 1461.4,17.6 | 1272.2,17.7 | 1525.7,17.8 | 1171.5,17.9 | 610.0
2022-08-09 11:58:00.062197,17.4 | 584.7,17.3 | 1409.1,17.2 | 1403.2,17.1 | 1060.8,17.0 | 1480.9,17.5 | 1460.6,17.6 | 1272.6,17.7 | 1525.7,17.8 | 1174.3,17.9 | 610.0
2022-08-09 11:59:00.061096,17.4 | 600.7,17.3 | 1409.1,17.2 | 1403.2,17.1 | 1060.8,17.0 | 1480.9,17.5 | 1450.0,17.6 | 1273.2,17.7 | 1525.7,17.8 | 1174.3,17.9 | 610.0
2022-08-09 12:00:00.056942,17.4 | 663.9,17.3 | 1410.2,17.2 | 1403.5,17.1 | 1060.8,17.0 | 1481.1,17.5 | 1449.1,17.6 | 1273.2,17.7 | 1528.9,17.8 | 1174.3,17.9 | 610.0
2022-08-09 12:01:00.065577,17.4 | 664.2,17.3 | 1500.2,17.2 | 1453.5,17.1 | 1060.8,17.0 | 1481.1,17.5 | 1450.1,17.6 | 1273.3,17.7 | 1528.8,17.8 | 1174.3,17.9 | 610.0
2022-08-09 12:02:00.076412,17.4 | 662.3,17.3 | 1500.2,17.2 | 1453.5,17.1 | 1060.8,17.0 | 1481.1,17.5 | 1449.7,17.6 | 1273.7,17.7 | 1528.8,17.8 | 1174.3,17.9 | 610.0
2022-08-09 12:03:00.060503,17.4 | 661.5,17.3 | 1500.7,17.2 | 1453.5,17.1 | 1060.8,17.0 | 1482.9,17.5 | 1449.7,17.6 | 1273.7,17.7 | 1528.8,17.8 | 1174.3,17.9 | 610.0
2022-08-09 12:04:00.060920,17.4 | 661.5,17.3 | 1505.8,17.2 | 1463.5,17.1 | 1060.8,17.0 | 1482.9,17.5 | 1448.1,17.6 | 1278.3,17.7 | 1528.8,17.8 | 1174.3,17.9 | 610.0
2022-08-09 12:05:00.059667,17.4 | 680.5,17.3 | 1506.2,17.2 | 1463.7,17.1 | 1060.8,17.0 | 1482.9,17.5 | 1479.1,17.6 | 1278.3,17.7 | 1528.8,17.8 | 1174.6,17.9 | 610.0
2022-08-09 12:06:00.064716,17.4 | 701.3,17.3 | 1506.2,17.2 | 1463.7,17.1 | 1060.8,17.0 | 1482.9,17.5 | 1490.0,17.6 | 1278.3,17.7 | 1528.8,17.8 | 1174.6,17.9 | 610.0
2022-08-09 12:07:00.068357,17.4 | 688.4,17.3 | 1506.2,17.2 | 1463.7,17.1 | 1060.8,17.0 | 1482.9,17.5 | 1489.6,17.6 | 1278.3,17.7 | 1528.8,17.8 | 1174.6,17.9 | 610.0
2022-08-09 12:08:00.072107,17.4 | 626.5,17.3 | 1506.2,17.2 | 1463.7,17.1 | 1060.8,17.0 | 1482.9,17.5 | 1500.4,17.6 | 1278.3,17.7 | 1528.8,17.8 | 1174.6,17.9 | 610.0
2022-08-09 12:09:00.057519,17.4 | 619.8,17.3 | 1556.2,17.2 | 1463.7,17.1 | 1060.8,17.0 | 1482.9,17.5 | 1497.6,17.6 | 1278.3,17.7 | 1528.8,17.8 | 1174.6,17.9 | 610.0
2022-08-09 12:10:00.057539,17.4 | 629.8,17.3 | 1556.2,17.2 | 1463.7,17.1 | 1060.8,17.0 | 1482.9,17.5 | 1508.7,17.6 | 1279.4,17.7 | 1528.5,17.8 | 1174.7,17.9 | 610.0
2022-08-09 12:11:00.058925,17.4 | 624.8,17.3 | 1556.2,17.2 | 1463.7,17.1 | 1060.8,17.0 | 1482.9,17.5 | 1499.2,17.6 | 1281.8,17.7 | 1528.5,17.8 | 1174.7,17.9 | 610.0
2022-08-09 12:12:00.057613,17.4 | 616.0,17.3 | 1540.1,17.2 | 1463.7,17.1 | 1060.8,17.0 | 1483.4,17.5 | 1463.3,17.6 | 1281.0,17.7 | 1530.5,17.8 | 1174.7,17.9 | 610.0
2022-08-09 12:13:00.065365,17.4 | 751.0,17.3 | 1580.1,17.2 | 1465.7,17.1 | 1060.8,17.0 | 1483.4,17.5 | 1374.0,17.6 | 1280.6,17.7 | 1530.5,17.8 | 1174.7,17.9 | 615.0
2022-08-09 12:14:00.071947,17.4 | 750.2,17.3 | 1579.1,17.2 | 1465.7,17.1 | 1061.0,17.0 | 1483.4,17.5 | 1400.2,17.6 | 1285.3,17.7 | 1532.6,17.8 | 1174.7,17.9 | 615.0
2022-08-09 12:15:00.068662,17.4 | 761.8,17.3 | 1590.2,17.2 | 1470.7,17.1 | 1062.0,17.0 | 1483.4,17.5 | 1402.3,17.6 | 1284.9,17.7 | 1534.6,17.8 | 1177.7,17.9 | 615.0
2022-08-09 12:16:00.059245,17.4 | 781.8,17.3 | 1590.5,17.2 | 1472.1,17.1 | 1060.6,17.0 | 1483.4,17.5 | 1402.3,17.6 | 1284.6,17.7 | 1534.6,17.8 | 1177.7,17.9 | 615.0
2022-08-09 12:17:00.053954,17.4 | 827.6,17.3 | 1590.5,17.2 | 1472.2,17.1 | 1060.6,17.0 | 1483.4,17.5 | 1400.2,17.6 | 1284.6,17.7 | 1534.6,17.8 | 1178.7,17.9 | 616.0
2022-08-09 12:18:00.054660,17.4 | 816.9,17.3 | 1590.5,17.2 | 1472.2,17.1 | 1060.6,17.0 | 1494.4,17.5 | 1389.4,17.6 | 1286.6,17.7 | 1534.6,17.8 | 1178.7,17.9 | 616.0
2022-08-09 12:19:00.053866,17.4 | 814.0,17.3 | 1585.5,17.2 | 1472.2,17.1 | 1060.6,17.0 | 1494.4,17.5 | 1382.0,17.6 | 1286.6,17.7 | 1534.6,17.8 | 1181.5,17.9 | 616.0
2022-08-09 12:20:00.063967,17.4 | 813.6,17.3 | 1585.5,17.2 | 1472.2,17.1 | 1060.6,17.0 | 1494.4,17.5 | 1381.6,17.6 | 1288.6,17.7 | 1534.6,17.8 | 1181.5,17.9 | 617.0
2022-08-09 12:21:00.065700,17.4 | 799.4,17.3 | 1600.8,17.2 | 1472.2,17.1 | 1060.6,17.0 | 1494.4,17.5 | 1364.3,17.6 | 1288.6,17.7 | 1534.8,17.8 | 1181.5,17.9 | 617.0
2022-08-09 12:22:00.073567,17.4 | 1199.4,17.3 | 1600.8,17.2 | 1470.2,17.1 | 1060.6,17.0 | 1494.4,17.5 | 1359.7,17.6 | 1288.6,17.7 | 1535.6,17.8 | 1181.5,17.9 | 617.0
2022-08-09 12:23:00.071431,17.4 | 1206.5,17.3 | 1600.8,17.2 | 1470.2,17.1 | 1070.6,17.0 | 1494.6,17.5 | 1359.3,17.6 | 1288.6,17.7 | 1535.6,17.8 | 1181.5,17.9 | 617.0
2022-08-09 12:24:00.070518,17.4 | 1205.7,17.3 | 1597.8,17.2 | 1282.4,17.1 | 1070.6,17.0 | 1494.6,17.5 | 1315.1,17.6 | 1291.6,17.7 | 1536.6,17.8 | 1181.5,17.9 | 617.0
2022-08-09 12:25:00.063920,17.5 | 878.3,17.4 | 1369.4,17.3 | 1578.4,17.2 | 1282.4,17.1 | 1070.6,17.6 | 1334.0,17.7 | 1538.6,17.8 | 1182.5,17.9 | 614.0,18.0 | 900.6
2022-08-09 12:26:00.054056,17.5 | 770.0,17.4 | 1369.7,17.3 | 1574.2,17.2 | 1282.4,17.1 | 1070.6,17.6 | 1325.1,17.7 | 1539.7,17.8 | 1182.5,17.9 | 619.2,18.0 | 900.8
2022-08-09 12:27:00.066318,17.4 | 1284.0,17.3 | 1574.1,17.2 | 1320.4,17.1 | 1070.6,17.0 | 1490.8,17.5 | 519.2,17.6 | 1527.7,17.7 | 1539.7,17.8 | 1182.6,17.9 | 619.2
2022-08-09 12:28:00.068794,17.4 | 1311.5,17.3 | 1453.1,17.2 | 1321.4,17.1 | 1070.6,17.0 | 1490.8,17.5 | 524.0,17.6 | 1323.4,17.7 | 1539.7,17.8 | 1182.9,17.9 | 619.2
2022-08-09 12:29:00.064551,17.4 | 1311.5,17.3 | 1453.1,17.2 | 1321.4,17.1 | 1070.6,17.0 | 1490.8,17.5 | 524.0,17.6 | 1323.4,17.7 | 1539.7,17.8 | 1182.9,17.9 | 619.2
2022-08-09 14:30:00.041707,17.4 | 1640.4,17.3 | 1683.3,17.2 | 1093.4,17.1 | 1028.3,17.0 | 1498.8,17.5 | 495.4,17.6 | 1415.2,17.7 | 1583.5,17.8 | 1377.9,17.9 | 934.4
2022-08-09 14:31:00.067491,17.4 | 1643.1,17.3 | 1683.5,17.2 | 1095.4,17.1 | 1028.3,17.0 | 1498.8,17.5 | 595.9,17.6 | 1314.9,17.7 | 1583.5,17.8 | 1377.9,17.9 | 944.4
2022-08-09 14:32:00.050172,17.4 | 1643.5,17.3 | 1685.3,17.2 | 1095.4,17.1 | 1029.3,17.0 | 1498.8,17.5 | 781.8,17.6 | 1315.3,17.7 | 1583.5,17.8 | 1377.9,17.9 | 944.4
2022-08-09 14:33:00.056463,17.4 | 1643.1,17.3 | 1685.8,17.2 | 1095.4,17.1 | 1029.3,17.0 | 1499.8,17.5 | 790.3,17.6 | 1375.4,17.7 | 1583.5,17.8 | 1377.9,17.9 | 964.4
2022-08-09 14:34:00.068924,17.4 | 1642.3,17.3 | 1686.1,17.2 | 1095.3,17.1 | 1009.3,17.0 | 1480.3,17.5 | 806.8,17.6 | 1376.0,17.7 | 1583.5,17.8 | 1377.9,17.9 | 964.4
2022-08-09 14:35:00.083016,17.4 | 1601.9,17.3 | 1686.2,17.2 | 1091.4,17.1 | 1009.3,17.0 | 1480.3,17.5 | 806.5,17.6 | 1375.6,17.7 | 1679.2,17.8 | 1377.9,17.9 | 964.4
2022-08-09 14:36:00.082014,17.4 | 1609.4,17.3 | 1686.3,17.2 | 1091.4,17.1 | 1009.3,17.0 | 1480.3,17.5 | 818.6,17.6 | 1377.2,17.7 | 1679.2,17.8 | 1377.9,17.9 | 964.4
2022-08-09 14:37:00.068981,17.4 | 1609.4,17.3 | 1684.2,17.2 | 1091.4,17.1 | 1007.3,17.0 | 1480.3,17.5 | 841.5,17.6 | 1379.7,17.7 | 1679.2,17.8 | 1377.9,17.9 | 964.4
2022-08-09 14:38:00.068090,17.4 | 1610.6,17.3 | 1684.7,17.2 | 1091.4,17.1 | 1007.3,17.0 | 1480.3,17.5 | 845.5,17.6 | 1379.7,17.7 | 1679.4,17.8 | 1378.9,17.9 | 964.4
2022-08-09 14:39:00.081385,17.4 | 1592.3,17.3 | 1689.5,17.2 | 1091.4,17.1 | 1007.3,17.0 | 1480.3,17.5 | 849.7,17.6 | 1381.7,17.7 | 1679.4,17.8 | 1378.9,17.9 | 964.4
2022-08-09 14:40:00.070013,17.4 | 1797.8,17.3 | 1691.4,17.2 | 1091.4,17.1 | 1006.3,17.0 | 1480.3,17.5 | 851.6,17.6 | 1381.5,17.7 | 1699.4,17.8 | 1378.9,17.9 | 964.4
2022-08-09 14:41:00.049785,17.4 | 1799.2,17.3 | 1651.3,17.2 | 1091.4,17.1 | 1006.3,17.0 | 1480.3,17.5 | 880.3,17.6 | 1382.1,17.7 | 1699.4,17.8 | 1378.2,17.9 | 944.4
2022-08-09 14:42:00.063903,17.4 | 1763.5,17.3 | 1653.4,17.2 | 1091.4,17.1 | 1006.3,17.0 | 1480.3,17.5 | 880.6,17.6 | 1353.0,17.7 | 1661.4,17.8 | 1378.2,17.9 | 944.4
2022-08-09 14:43:00.075168,17.4 | 1763.6,17.3 | 1652.9,17.2 | 1091.4,17.1 | 1006.3,17.0 | 1480.3,17.5 | 851.1,17.6 | 1416.5,17.7 | 1771.4,17.8 | 1378.2,17.9 | 944.4
2022-08-09 14:44:00.060865,17.4 | 1765.2,17.3 | 1652.9,17.2 | 1091.4,17.1 | 1006.3,17.0 | 1480.3,17.5 | 862.8,17.6 | 1416.1,17.7 | 1771.4,17.8 | 1378.2,17.9 | 944.4
2022-08-09 14:45:00.061338,17.4 | 1772.1,17.3 | 1655.9,17.2 | 1101.5,17.1 | 1006.3,17.0 | 1480.3,17.5 | 1030.7,17.6 | 1421.3,17.7 | 1771.6,17.8 | 1378.7,17.9 | 944.4
2022-08-09 14:46:00.060695,17.4 | 1770.6,17.3 | 1655.9,17.2 | 1101.5,17.1 | 1006.3,17.0 | 1480.3,17.5 | 1080.7,17.6 | 1529.5,17.7 | 1865.1,17.8 | 1378.7,17.9 | 944.4
2022-08-09 14:47:00.054279,17.4 | 1772.1,17.3 | 1752.6,17.2 | 1099.5,17.1 | 1006.3,17.0 | 1480.3,17.5 | 1080.0,17.6 | 1530.3,17.7 | 1865.1,17.8 | 1398.7,17.9 | 944.4
2022-08-09 14:48:00.060007,17.4 | 1763.7,17.3 | 1751.6,17.2 | 1099.5,17.1 | 1009.3,17.0 | 1480.3,17.5 | 1071.2,17.6 | 1529.4,17.7 | 1865.1,17.8 | 1418.7,17.9 | 944.4
2022-08-09 14:49:00.064745,17.4 | 1764.7,17.3 | 1750.6,17.2 | 1099.5,17.1 | 1009.3,17.0 | 1494.5,17.5 | 1096.3,17.6 | 1531.7,17.7 | 1866.5,17.8 | 1418.7,17.9 | 944.4
2022-08-09 14:50:00.062059,17.4 | 1769.0,17.3 | 1750.6,17.2 | 1099.5,17.1 | 1009.3,17.0 | 1489.5,17.5 | 1097.2,17.6 | 1533.1,17.7 | 1866.5,17.8 | 1419.7,17.9 | 944.4
2022-08-09 14:51:00.062851,17.4 | 1779.4,17.3 | 1700.6,17.2 | 1099.5,17.1 | 1009.3,17.0 | 1489.5,17.5 | 1016.0,17.6 | 1532.7,17.7 | 1866.5,17.8 | 1419.7,17.9 | 944.4
2022-08-09 14:52:00.066581,17.4 | 1779.3,17.3 | 1700.6,17.2 | 1099.5,17.1 | 1010.3,17.0 | 1489.5,17.5 | 1013.0,17.6 | 1536.6,17.7 | 1866.5,17.8 | 1419.7,17.9 | 944.4
2022-08-09 14:53:00.075071,17.4 | 1787.3,17.3 | 1700.6,17.2 | 1099.5,17.1 | 1010.3,17.0 | 1489.5,17.5 | 1011.8,17.6 | 1547.8,17.7 | 1867.5,17.8 | 1419.7,17.9 | 944.4
2022-08-09 14:54:00.067239,17.4 | 1787.3,17.3 | 1710.6,17.2 | 1099.5,17.1 | 1010.3,17.0 | 1490.0,17.5 | 1013.2,17.6 | 1547.4,17.7 | 1867.7,17.8 | 1419.7,17.9 | 944.5
2022-08-09 14:55:00.068239,17.4 | 1783.3,17.3 | 1690.1,17.2 | 1099.5,17.1 | 1010.3,17.0 | 1490.0,17.5 | 987.7,17.6 | 1549.4,17.7 | 1867.7,17.8 | 1419.7,17.9 | 944.5
2022-08-09 14:56:00.076656,17.4 | 1788.0,17.3 | 1690.1,17.2 | 1099.5,17.1 | 1010.3,17.0 | 1490.0,17.5 | 985.9,17.6 | 1549.8,17.7 | 1867.7,17.8 | 1419.7,17.9 | 944.5
2022-08-09 14:57:00.055643,17.4 | 1779.0,17.3 | 1690.1,17.2 | 1099.5,17.1 | 1010.3,17.0 | 1490.0,17.5 | 998.1,17.6 | 1549.2,17.7 | 1867.9,17.8 | 1419.7,17.9 | 944.5
2022-08-09 14:58:00.064748,17.4 | 1777.0,17.3 | 1701.1,17.2 | 1099.5,17.1 | 1010.3,17.0 | 1490.0,17.5 | 996.1,17.6 | 1548.6,17.7 | 1867.9,17.8 | 1419.7,17.9 | 944.5
2022-08-09 14:59:00.075248,17.4 | 1677.2,17.3 | 1701.1,17.2 | 1101.5,17.1 | 1010.3,17.0 | 1491.8,17.5 | 994.3,17.6 | 1554.0,17.7 | 1867.9,17.8 | 1419.7,17.9 | 944.5
2022-08-09 15:00:00.063793,17.4 | 1684.2,17.3 | 1701.1,17.2 | 1121.5,17.1 | 1210.3,17.0 | 1491.8,17.5 | 888.8,17.6 | 1554.7,17.7 | 1868.0,17.8 | 1420.2,17.9 | 944.5
2022-08-09 15:01:00.073482,17.4 | 1691.7,17.3 | 1701.1,17.2 | 1121.5,17.1 | 1210.3,17.0 | 1492.8,17.5 | 825.5,17.6 | 1466.8,17.7 | 1719.4,17.8 | 1428.0,17.9 | 944.5
2022-08-09 15:02:00.067828,17.4 | 1692.9,17.3 | 1702.1,17.2 | 1119.5,17.1 | 1210.3,17.0 | 1492.8,17.5 | 818.0,17.6 | 1466.0,17.7 | 1719.4,17.8 | 1428.0,17.9 | 944.5
2022-08-09 15:03:00.064088,17.4 | 1692.9,17.3 | 1702.1,17.2 | 1119.5,17.1 | 1210.3,17.0 | 1494.8,17.5 | 816.9,17.6 | 1466.0,17.7 | 1765.2,17.8 | 1428.0,17.9 | 944.5
2022-08-09 15:04:00.067085,17.4 | 1692.9,17.3 | 1703.1,17.2 | 1119.5,17.1 | 1210.3,17.0 | 1494.8,17.5 | 829.8,17.6 | 1466.0,17.7 | 1765.2,17.8 | 1428.0,17.9 | 944.5
2022-08-09 15:05:00.091811,17.4 | 1692.4,17.3 | 1685.6,17.2 | 1119.5,17.1 | 1210.3,17.0 | 1494.8,17.5 | 851.6,17.6 | 1526.1,17.7 | 1783.5,17.8 | 1428.0,17.9 | 944.5
2022-08-09 15:06:00.070629,17.4 | 1689.1,17.3 | 1685.6,17.2 | 1119.5,17.1 | 1210.3,17.0 | 1494.8,17.5 | 853.3,17.6 | 1529.4,17.7 | 1783.5,17.8 | 1428.0,17.9 | 944.5
2022-08-09 15:07:00.052268,17.4 | 1688.6,17.3 | 1584.6,17.2 | 1119.5,17.1 | 1210.3,17.0 | 1492.8,17.5 | 804.8,17.6 | 1528.5,17.7 | 1783.5,17.8 | 1478.0,17.9 | 944.5
2022-08-09 15:08:00.062651,17.4 | 1701.3,17.3 | 1584.6,17.2 | 1119.5,17.1 | 1210.3,17.0 | 1491.8,17.5 | 803.8,17.6 | 1529.0,17.7 | 1782.5,17.8 | 1478.0,17.9 | 944.5
2022-08-09 15:09:00.058877,17.4 | 1704.2,17.3 | 1584.6,17.2 | 1157.5,17.1 | 1210.3,17.0 | 1491.8,17.5 | 723.4,17.6 | 1529.0,17.7 | 1782.5,17.8 | 1478.0,17.9 | 944.5
2022-08-09 15:10:00.064232,17.4 | 1793.2,17.3 | 1584.6,17.2 | 1167.5,17.1 | 1230.3,17.0 | 1491.8,17.5 | 660.0,17.6 | 1527.8,17.7 | 1782.5,17.8 | 1478.0,17.9 | 944.5
2022-08-09 15:11:00.057599,17.4 | 1771.3,17.3 | 1585.8,17.2 | 1167.5,17.1 | 1230.3,17.0 | 1491.8,17.5 | 654.4,17.6 | 1527.8,17.7 | 1782.5,17.8 | 1478.0,17.9 | 950.5
2022-08-09 15:12:00.072232,17.4 | 1774.1,17.3 | 1584.7,17.2 | 1167.5,17.1 | 1229.3,17.0 | 1491.8,17.5 | 660.2,17.6 | 1527.8,17.7 | 1782.5,17.8 | 1478.0,17.9 | 950.5
2022-08-09 15:13:00.052445,17.4 | 1773.0,17.3 | 1585.1,17.2 | 1168.1,17.1 | 1229.3,17.0 | 1491.8,17.5 | 656.3,17.6 | 1527.8,17.7 | 1782.5,17.8 | 1478.0,17.9 | 950.5
2022-08-09 15:14:00.050760,17.4 | 1879.2,17.3 | 1581.3,17.2 | 1168.1,17.1 | 1229.3,17.0 | 1491.8,17.5 | 654.5,17.6 | 1527.8,17.7 | 1782.5,17.8 | 1478.0,17.9 | 950.5
2022-08-09 15:15:00.061622,17.4 | 1880.9,17.3 | 1580.1,17.2 | 1168.1,17.1 | 1229.3,17.0 | 1491.8,17.5 | 654.9,17.6 | 1528.6,17.7 | 1782.5,17.8 | 1478.0,17.9 | 950.5
2022-08-09 15:16:00.072699,17.4 | 1878.1,17.3 | 1581.1,17.2 | 1168.1,17.1 | 1229.3,17.0 | 1491.8,17.5 | 620.2,17.6 | 1486.0,17.7 | 1719.4,17.8 | 1478.0,17.9 | 950.5
2022-08-09 15:17:00.065106,17.4 | 1878.1,17.3 | 1613.3,17.2 | 1168.1,17.1 | 1229.3,17.0 | 1491.8,17.5 | 620.4,17.6 | 1486.4,17.7 | 1741.1,17.8 | 1478.0,17.9 | 950.5
2022-08-09 15:18:00.059106,17.4 | 1877.9,17.3 | 1613.3,17.2 | 1168.0,17.1 | 1229.3,17.0 | 1491.8,17.5 | 625.7,17.6 | 1481.1,17.7 | 1738.1,17.8 | 1478.0,17.9 | 950.4
2022-08-09 15:19:00.058863,17.4 | 1885.4,17.3 | 1605.5,17.2 | 1168.0,17.1 | 1229.3,17.0 | 1491.8,17.5 | 630.1,17.6 | 1481.5,17.7 | 1737.9,17.8 | 1478.0,17.9 | 950.4
2022-08-09 15:20:00.075059,17.4 | 1885.4,17.3 | 1606.6,17.2 | 1168.0,17.1 | 1229.3,17.0 | 1491.8,17.5 | 695.9,17.6 | 1403.0,17.7 | 1727.0,17.8 | 1478.0,17.9 | 950.4
2022-08-09 15:21:00.068610,17.4 | 1881.7,17.3 | 1604.5,17.2 | 1168.0,17.1 | 1229.3,17.0 | 1491.8,17.5 | 704.0,17.6 | 1400.8,17.7 | 1727.0,17.8 | 1478.0,17.9 | 950.4
2022-08-09 15:22:00.055750,17.4 | 2042.8,17.3 | 1543.5,17.2 | 1123.0,17.1 | 1228.8,17.0 | 1491.8,17.5 | 706.0,17.6 | 1399.6,17.7 | 1727.0,17.8 | 1478.0,17.9 | 950.4
2022-08-09 15:23:00.048385,17.4 | 2048.3,17.3 | 1535.5,17.2 | 1123.0,17.1 | 1228.8,17.0 | 1391.8,17.5 | 706.1,17.6 | 1421.7,17.7 | 1726.8,17.8 | 1478.1,17.9 | 950.4
2022-08-09 15:24:00.052333,17.4 | 2048.3,17.3 | 1537.2,17.2 | 1095.3,17.1 | 1228.3,17.0 | 1391.8,17.5 | 712.6,17.6 | 1496.0,17.7 | 1769.3,17.8 | 1478.1,17.9 | 950.4
2022-08-09 15:25:00.060203,17.4 | 2047.9,17.3 | 1538.7,17.2 | 1095.3,17.1 | 1238.3,17.0 | 1391.8,17.5 | 708.3,17.6 | 1495.6,17.7 | 1769.3,17.8 | 1478.1,17.9 | 950.4
2022-08-09 15:26:00.059794,17.4 | 2047.1,17.3 | 1538.7,17.2 | 1096.3,17.1 | 1265.8,17.0 | 1391.8,17.5 | 706.8,17.6 | 1495.9,17.7 | 1769.3,17.8 | 1478.1,17.9 | 950.4
2022-08-09 15:27:00.121266,17.4 | 2048.1,17.3 | 1442.9,17.2 | 1146.3,17.1 | 1265.8,17.0 | 1386.8,17.5 | 534.7,17.6 | 1495.9,17.7 | 1769.4,17.8 | 1478.3,17.9 | 950.5
2022-08-09 15:28:00.108448,17.4 | 2026.6,17.3 | 1463.7,17.2 | 1136.3,17.1 | 1265.8,17.0 | 1374.8,17.5 | 583.4,17.6 | 1505.9,17.7 | 1829.4,17.8 | 1478.3,17.9 | 950.5
2022-08-09 15:29:00.060052,17.4 | 1929.1,17.3 | 1462.2,17.2 | 1136.3,17.1 | 1265.8,17.0 | 1374.8,17.5 | 416.5,17.6 | 1605.3,17.7 | 1829.4,17.8 | 1478.3,17.9 | 950.5
2022-08-09 15:30:00.065515,17.4 | 2030.8,17.3 | 1459.7,17.2 | 1147.3,17.1 | 1265.8,17.0 | 1374.8,17.5 | 499.5,17.6 | 1605.0,17.7 | 1830.7,17.8 | 1477.3,17.9 | 950.5
2022-08-09 15:31:00.073744,17.4 | 2027.4,17.3 | 1459.8,17.2 | 1157.3,17.1 | 1267.8,17.0 | 1374.8,17.5 | 485.1,17.6 | 1606.6,17.7 | 1831.7,17.8 | 1475.8,17.9 | 950.5
2022-08-09 15:32:00.058748,17.4 | 2427.6,17.3 | 1459.8,17.2 | 1157.2,17.1 | 1267.8,17.0 | 1374.8,17.5 | 475.1,17.6 | 1607.7,17.7 | 1830.6,17.8 | 1475.8,17.9 | 950.5
2022-08-09 15:33:00.070742,17.4 | 2027.7,17.3 | 1459.8,17.2 | 1157.2,17.1 | 1267.8,17.0 | 1374.8,17.5 | 375.5,17.6 | 1607.3,17.7 | 1830.6,17.8 | 1475.8,17.9 | 950.5
2022-08-09 15:34:00.072451,17.4 | 2027.7,17.3 | 1329.8,17.2 | 1157.2,17.1 | 1267.8,17.0 | 1374.8,17.5 | 326.7,17.6 | 1617.3,17.7 | 1830.6,17.8 | 1475.8,17.9 | 950.5
2022-08-09 15:35:00.054870,17.4 | 2038.2,17.3 | 1322.1,17.2 | 1146.9,17.1 | 1267.8,17.0 | 1373.8,17.5 | 839.1,17.6 | 1753.9,17.7 | 1780.3,17.8 | 1477.8,17.9 | 950.5
2022-08-09 15:36:00.061911,17.4 | 2456.1,17.3 | 1322.3,17.2 | 1146.9,17.1 | 1267.8,17.0 | 1373.6,17.5 | 768.4,17.6 | 1700.0,17.7 | 1781.3,17.8 | 1477.8,17.9 | 950.5
2022-08-09 15:37:00.074301,17.4 | 2456.1,17.3 | 1322.3,17.2 | 1146.9,17.1 | 1267.8,17.0 | 1373.6,17.5 | 766.0,17.6 | 1700.9,17.7 | 1781.3,17.8 | 1478.2,17.9 | 950.5
2022-08-09 15:38:00.052083,17.4 | 2456.2,17.3 | 1322.3,17.2 | 1146.6,17.1 | 1167.8,17.0 | 1374.6,17.5 | 757.4,17.6 | 1763.5,17.7 | 1781.3,17.8 | 1478.0,17.9 | 950.5
2022-08-09 15:39:00.050821,17.4 | 2450.6,17.3 | 1322.3,17.2 | 1147.1,17.1 | 1167.8,17.0 | 1374.6,17.5 | 782.4,17.6 | 1816.9,17.7 | 1780.3,17.8 | 1478.0,17.9 | 950.5
2022-08-09 15:40:00.061130,17.4 | 2550.5,17.3 | 1322.6,17.2 | 1147.1,17.1 | 1167.8,17.0 | 1374.6,17.5 | 782.2,17.6 | 1816.9,17.7 | 1780.3,17.8 | 1478.0,17.9 | 950.5
2022-08-09 15:41:00.053621,17.4 | 2544.5,17.3 | 1323.0,17.2 | 1147.1,17.1 | 1167.8,17.0 | 1374.6,17.5 | 772.2,17.6 | 1820.6,17.7 | 1775.3,17.8 | 1478.0,17.9 | 950.5
2022-08-09 15:42:00.050553,17.4 | 2543.5,17.3 | 1322.8,17.2 | 1146.9,17.1 | 1167.8,17.0 | 1394.6,17.5 | 665.2,17.6 | 1820.2,17.7 | 1775.3,17.8 | 1478.0,17.9 | 950.5
2022-08-09 15:43:00.059843,17.4 | 2536.6,17.3 | 1323.0,17.2 | 1146.9,17.1 | 1167.8,17.0 | 1394.6,17.5 | 660.6,17.6 | 1821.0,17.7 | 1775.3,17.8 | 1478.0,17.9 | 950.5
2022-08-09 15:44:00.053914,17.4 | 2556.6,17.3 | 1322.8,17.2 | 1146.9,17.1 | 1272.5,17.0 | 1395.3,17.5 | 658.9,17.6 | 1820.6,17.7 | 1775.3,17.8 | 1478.0,17.9 | 950.0
2022-08-09 15:45:00.070304,17.4 | 2556.6,17.3 | 1322.8,17.2 | 1146.9,17.1 | 1272.5,17.0 | 1395.3,17.5 | 662.6,17.6 | 1820.6,17.7 | 1775.3,17.8 | 1478.0,17.9 | 950.0
2022-08-09 15:46:00.075489,17.4 | 2566.6,17.3 | 1322.8,17.2 | 1146.9,17.1 | 1272.5,17.0 | 1394.3,17.5 | 674.5,17.6 | 1821.2,17.7 | 1775.4,17.8 | 1478.0,17.9 | 950.0
2022-08-09 15:47:00.054524,17.4 | 2566.1,17.3 | 1323.1,17.2 | 1146.9,17.1 | 1272.5,17.0 | 1394.3,17.5 | 707.2,17.6 | 1716.0,17.7 | 1775.4,17.8 | 1478.0,17.9 | 950.0
2022-08-09 15:48:00.054553,17.4 | 2564.5,17.3 | 1323.1,17.2 | 1146.9,17.1 | 1272.5,17.0 | 1394.3,17.5 | 744.0,17.6 | 1720.0,17.7 | 1775.4,17.8 | 1478.0,17.9 | 950.0
2022-08-09 15:49:00.054131,17.4 | 2564.3,17.3 | 1323.3,17.2 | 1146.9,17.1 | 1272.5,17.0 | 1394.3,17.5 | 702.0,17.6 | 1719.9,17.7 | 1775.4,17.8 | 1478.0,17.9 | 950.0
2022-08-09 15:50:00.065802,17.4 | 2564.8,17.3 | 1323.3,17.2 | 1146.9,17.1 | 1272.5,17.0 | 1394.3,17.5 | 709.0,17.6 | 1730.4,17.7 | 1775.4,17.8 | 1478.0,17.9 | 950.0
2022-08-09 15:51:00.059285,17.4 | 2564.4,17.3 | 1322.6,17.2 | 1146.9,17.1 | 1272.5,17.0 | 1394.3,17.5 | 711.2,17.6 | 1727.4,17.7 | 1775.4,17.8 | 1478.0,17.9 | 950.0
2022-08-09 15:52:00.065832,17.4 | 2577.0,17.3 | 1322.6,17.2 | 1146.9,17.1 | 1269.5,17.0 | 1394.3,17.5 | 716.3,17.6 | 1726.9,17.7 | 1775.4,17.8 | 1478.0,17.9 | 950.0
2022-08-09 15:53:00.064460,17.4 | 2577.0,17.3 | 1322.6,17.2 | 1146.9,17.1 | 1289.5,17.0 | 1394.3,17.5 | 717.1,17.6 | 1726.1,17.7 | 1775.4,17.8 | 1478.0,17.9 | 950.0
2022-08-09 15:54:00.055332,17.4 | 2567.7,17.3 | 1322.6,17.2 | 1146.9,17.1 | 1289.3,17.0 | 1393.8,17.5 | 727.5,17.6 | 1770.8,17.7 | 1775.4,17.8 | 1478.0,17.9 | 950.0
2022-08-09 15:55:00.072195,17.4 | 2560.2,17.3 | 1322.6,17.2 | 1146.9,17.1 | 1289.3,17.0 | 1393.8,17.5 | 723.5,17.6 | 1771.6,17.7 | 1775.4,17.8 | 1478.0,17.9 | 950.0
2022-08-09 15:56:00.062524,17.4 | 2559.8,17.3 | 1322.6,17.2 | 1146.9,17.1 | 1289.3,17.0 | 1393.8,17.5 | 783.9,17.6 | 1710.2,17.7 | 1775.6,17.8 | 1478.0,17.9 | 950.0
2022-08-09 15:57:00.049154,17.4 | 2563.1,17.3 | 1325.4,17.2 | 1146.9,17.1 | 1289.3,17.0 | 1393.8,17.5 | 783.9,17.6 | 1710.2,17.7 | 1775.6,17.8 | 1478.0,17.9 | 950.0
2022-08-09 15:58:00.049909,17.4 | 2514.4,17.3 | 1325.4,17.2 | 1146.9,17.1 | 1289.3,17.0 | 1393.8,17.5 | 722.5,17.6 | 1710.2,17.7 | 1775.6,17.8 | 1478.0,17.9 | 950.0
2022-08-09 15:59:00.064548,17.4 | 2271.6,17.3 | 1326.4,17.2 | 1146.9,17.1 | 1289.3,17.0 | 1393.8,17.5 | 415.9,17.6 | 1708.3,17.7 | 1774.1,17.8 | 1479.0,17.9 | 949.0
2022-08-09 16:00:00.066237,17.4 | 2271.6,17.3 | 1362.7,17.2 | 1146.9,17.1 | 1289.3,17.0 | 1387.8,17.5 | 412.1,17.6 | 1796.2,17.7 | 1774.1,17.8 | 1489.0,17.9 | 949.0
2022-08-09 16:01:00.077748,17.4 | 2279.1,17.3 | 1345.1,17.2 | 1146.9,17.1 | 1289.3,17.0 | 1391.8,17.5 | 534.4,17.6 | 1770.1,17.7 | 1734.1,17.8 | 1489.0,17.9 | 949.0
2022-08-09 16:02:00.070577,17.4 | 2279.2,17.3 | 1344.9,17.2 | 1146.9,17.1 | 1289.3,17.0 | 1391.8,17.5 | 579.7,17.6 | 1753.2,17.7 | 1748.9,17.8 | 1493.8,17.9 | 942.9
2022-08-09 16:03:00.065751,17.4 | 2291.2,17.3 | 1345.0,17.2 | 1146.9,17.1 | 1279.3,17.0 | 1391.8,17.5 | 547.9,17.6 | 1724.0,17.7 | 1748.9,17.8 | 1493.8,17.9 | 942.9
2022-08-09 16:04:00.074313,17.4 | 2281.8,17.3 | 1350.0,17.2 | 1148.9,17.1 | 1279.3,17.0 | 1391.8,17.5 | 555.5,17.6 | 1745.5,17.7 | 1748.9,17.8 | 1493.8,17.9 | 942.9
2022-08-09 16:05:00.047832,17.4 | 2288.3,17.3 | 1351.0,17.2 | 1148.9,17.1 | 1279.3,17.0 | 1441.8,17.5 | 630.1,17.6 | 1747.1,17.7 | 1748.9,17.8 | 1493.8,17.9 | 942.9
2022-08-09 16:06:00.064450,17.4 | 2283.4,17.3 | 1353.1,17.2 | 1148.9,17.1 | 1279.3,17.0 | 1441.8,17.5 | 598.9,17.6 | 1704.6,17.7 | 1748.9,17.8 | 1483.8,17.9 | 942.9
2022-08-09 16:07:00.064224,17.4 | 2528.1,17.3 | 1353.2,17.2 | 1147.9,17.1 | 1279.3,17.0 | 1441.8,17.5 | 623.6,17.6 | 1704.7,17.7 | 1748.9,17.8 | 1508.8,17.9 | 942.4
2022-08-09 16:08:00.051849,17.4 | 2552.9,17.3 | 1353.1,17.2 | 1147.9,17.1 | 1279.3,17.0 | 1441.6,17.5 | 620.0,17.6 | 1704.7,17.7 | 1736.9,17.8 | 1508.8,17.9 | 942.4
2022-08-09 16:09:00.058415,17.4 | 2484.2,17.3 | 1336.6,17.2 | 1147.9,17.1 | 1279.3,17.0 | 1441.6,17.5 | 484.4,17.6 | 1680.4,17.7 | 1736.9,17.8 | 1508.8,17.9 | 942.4
2022-08-09 16:10:00.060683,17.4 | 2491.1,17.3 | 1336.6,17.2 | 1147.8,17.1 | 1279.2,17.0 | 1441.5,17.5 | 524.9,17.6 | 1680.2,17.7 | 1736.9,17.8 | 1508.8,17.9 | 942.4
2022-08-09 16:11:00.056921,17.4 | 2490.9,17.3 | 1336.4,17.2 | 1147.8,17.1 | 1279.0,17.0 | 1441.5,17.5 | 573.6,17.6 | 1681.2,17.7 | 1736.9,17.8 | 1508.8,17.9 | 942.4
2022-08-09 16:12:00.060502,17.4 | 2491.7,17.3 | 1336.4,17.2 | 1147.8,17.1 | 1279.0,17.0 | 1441.5,17.5 | 557.0,17.6 | 1732.5,17.7 | 1736.9,17.8 | 1508.8,17.9 | 942.4
2022-08-09 16:13:00.059797,17.4 | 2484.2,17.3 | 1337.4,17.2 | 1147.8,17.1 | 1279.0,17.0 | 1441.5,17.5 | 555.7,17.6 | 1730.2,17.7 | 1736.9,17.8 | 1508.8,17.9 | 972.4
2022-08-09 16:14:00.060735,17.4 | 2462.3,17.3 | 1342.4,17.2 | 1147.8,17.1 | 1279.0,17.0 | 1443.5,17.5 | 488.0,17.6 | 1687.5,17.7 | 1736.9,17.8 | 1508.8,17.9 | 972.4
2022-08-09 16:15:00.059843,17.4 | 2393.2,17.3 | 1345.5,17.2 | 1147.8,17.1 | 1280.0,17.0 | 1443.5,17.5 | 423.3,17.6 | 1685.1,17.7 | 1736.9,17.8 | 1508.2,17.9 | 972.4
2022-08-09 16:16:00.063336,17.4 | 2398.0,17.3 | 1345.5,17.2 | 1147.8,17.1 | 1279.8,17.0 | 1442.6,17.5 | 450.3,17.6 | 1685.9,17.7 | 1735.9,17.8 | 1508.2,17.9 | 972.4
2022-08-09 16:17:00.072112,17.4 | 2396.2,17.3 | 1340.5,17.2 | 1147.7,17.1 | 1279.8,17.0 | 1442.6,17.5 | 446.3,17.6 | 1686.4,17.7 | 1735.9,17.8 | 1508.2,17.9 | 972.4
2022-08-09 16:18:00.064298,17.4 | 2374.0,17.3 | 1341.7,17.2 | 1147.7,17.1 | 1279.8,17.0 | 1342.6,17.5 | 435.5,17.6 | 1685.1,17.7 | 1735.9,17.8 | 1508.3,17.9 | 972.4
2022-08-09 16:19:00.058325,17.4 | 2374.0,17.3 | 1334.5,17.2 | 1147.7,17.1 | 1279.8,17.0 | 1342.6,17.5 | 409.8,17.6 | 1680.9,17.7 | 1735.9,17.8 | 1508.6,17.9 | 972.4
2022-08-09 16:20:00.048465,17.4 | 2478.1,17.3 | 1334.8,17.2 | 1047.7,17.1 | 1179.8,17.0 | 1342.6,17.5 | 394.6,17.6 | 1680.9,17.7 | 1735.9,17.8 | 1508.6,17.9 | 972.4
2022-08-09 16:21:00.063210,17.4 | 2482.2,17.3 | 1335.2,17.2 | 1047.7,17.1 | 1179.8,17.0 | 1240.1,17.5 | 388.7,17.6 | 1680.9,17.7 | 1737.9,17.8 | 1508.6,17.9 | 972.4
2022-08-09 16:22:00.071988,17.4 | 2478.9,17.3 | 1335.8,17.2 | 1048.7,17.1 | 1179.8,17.0 | 1240.1,17.5 | 406.5,17.6 | 1689.3,17.7 | 1733.4,17.8 | 1488.6,17.9 | 972.4
2022-08-09 16:23:00.050438,17.4 | 2488.8,17.3 | 1326.1,17.2 | 1049.7,17.1 | 1179.8,17.0 | 1240.1,17.5 | 398.4,17.6 | 1690.4,17.7 | 1733.5,17.8 | 1488.6,17.9 | 972.4
2022-08-09 16:24:00.063644,17.4 | 2484.3,17.3 | 1325.9,17.2 | 1048.7,17.1 | 1209.8,17.0 | 1240.1,17.5 | 388.7,17.6 | 1692.4,17.7 | 1733.5,17.8 | 1485.6,17.9 | 972.4
2022-08-09 16:25:00.066080,17.4 | 2481.6,17.3 | 1316.9,17.2 | 1161.1,17.1 | 1209.8,17.0 | 1237.1,17.5 | 366.8,17.6 | 1692.0,17.7 | 1755.6,17.8 | 1484.6,17.9 | 972.4
2022-08-09 16:26:00.060495,17.4 | 2362.7,17.3 | 1326.5,17.2 | 1152.0,17.1 | 1209.8,17.0 | 1237.1,17.5 | 267.4,17.6 | 1545.3,17.7 | 1753.6,17.8 | 1484.6,17.9 | 972.4
2022-08-09 16:27:00.048896,17.4 | 2354.6,17.3 | 1326.2,17.2 | 1152.0,17.1 | 1209.8,17.0 | 1227.1,17.5 | 261.9,17.6 | 1548.0,17.7 | 1753.6,17.8 | 1484.6,17.9 | 972.4
2022-08-09 16:28:00.064875,ATC | 301.5,19.2 | 56.5,18.1 | 0.5,17.5 | 1.0,17.4 | 1776.0,ATC | 129.7,17.2 | 2.4,17.4 | 189.3,17.5 | 20.1,17.6 | 1340.0
2022-08-09 16:29:00.050302,ATC | 380.2,22.4 | 0.6,19.2 | 56.5,18.5 | 395.0,18.4 | 19.8,ATC | 173.3,12.2 | 9.7,16.6 | 4.2,17.0 | 7.8,17.2 | 2.4
2022-08-09 16:30:00.065597,ATC | 395.7,22.4 | 0.6,19.2 | 56.5,18.5 | 395.0,18.4 | 19.8,ATC | 361.2,12.2 | 9.7,16.6 | 4.2,17.0 | 7.8,17.2 | 2.4
2022-08-09 16:31:00.073484,ATC | 95.7,22.4 | 0.6,19.2 | 56.5,18.5 | 395.0,18.4 | 22.8,ATC | 401.2,12.2 | 9.7,16.6 | 4.2,17.0 | 7.8,17.2 | 2.4
2022-08-09 16:32:00.059501,ATC | 106.9,22.4 | 0.6,19.2 | 56.5,18.5 | 395.0,18.4 | 22.8,ATC | 625.7,12.2 | 9.7,16.6 | 4.2,17.0 | 7.9,17.2 | 2.4
2022-08-09 16:33:00.067694,ATC | 118.5,22.4 | 0.6,19.2 | 56.5,18.5 | 441.5,18.4 | 22.8,ATC | 615.6,12.2 | 9.7,16.6 | 4.2,16.9 | 7.3,17.0 | 7.9
2022-08-09 16:34:00.062486,ATC | 122.5,22.4 | 0.6,19.2 | 56.5,18.5 | 441.5,18.4 | 22.8,ATC | 644.8,12.2 | 9.7,16.6 | 4.2,16.9 | 7.3,17.0 | 7.9
2022-08-09 16:35:00.060825,ATC | 124.7,22.4 | 0.6,19.2 | 56.5,18.5 | 441.5,18.4 | 22.8,ATC | 636.8,12.2 | 9.7,16.6 | 4.2,16.9 | 7.3,17.0 | 7.9
